,date,total_cases,new_cases,total_deaths,new_deaths,new_tests_smoothed,stringency_index,reproduction_rate,positive_rate,month,year,total_cases_shifted,active_cases_calc
26027,2020-01-27,1.0,1.0,0.0,0.0,129564.12535612535,5.56,1.1514588859416428,7.71812628785238e-06,January2020,2020,,
26028,2020-01-28,4.0,3.0,0.0,0.0,129564.12535612535,5.56,1.1514588859416428,2.315437886355714e-05,January2020,2020,,
26029,2020-01-29,4.0,0.0,0.0,0.0,129564.12535612535,5.56,1.1514588859416428,0.0,January2020,2020,,
26030,2020-01-30,4.0,0.0,0.0,0.0,129564.12535612535,5.56,1.1514588859416428,0.0,January2020,2020,,
26031,2020-01-31,5.0,1.0,0.0,0.0,129564.12535612535,5.56,1.1514588859416428,7.71812628785238e-06,January2020,2020,,
26032,2020-02-01,8.0,3.0,0.0,0.0,129564.12535612535,5.56,1.1514588859416428,2.315437886355714e-05,February2020,2020,,
26033,2020-02-02,10.0,2.0,0.0,0.0,129564.12535612535,5.56,1.1514588859416428,1.543625257570476e-05,February2020,2020,,
26034,2020-02-03,12.0,2.0,0.0,0.0,129564.12535612535,5.56,1.1514588859416428,1.543625257570476e-05,February2020,2020,,
26035,2020-02-04,12.0,0.0,0.0,0.0,129564.12535612535,5.56,1.1514588859416428,0.0,February2020,2020,,
26036,2020-02-05,12.0,0.0,0.0,0.0,129564.12535612535,5.56,1.1514588859416428,0.0,February2020,2020,,
26037,2020-02-06,12.0,0.0,0.0,0.0,129564.12535612535,5.56,1.1514588859416428,0.0,February2020,2020,,
26038,2020-02-07,13.0,1.0,0.0,0.0,129564.12535612535,5.56,1.1514588859416428,7.71812628785238e-06,February2020,2020,,
26039,2020-02-08,13.0,0.0,0.0,0.0,129564.12535612535,5.56,1.1514588859416428,0.0,February2020,2020,,
26040,2020-02-09,14.0,1.0,0.0,0.0,129564.12535612535,5.56,1.1514588859416428,7.71812628785238e-06,February2020,2020,,
26041,2020-02-10,14.0,0.0,0.0,0.0,129564.12535612535,5.56,1.1514588859416428,0.0,February2020,2020,1.0,13.0
26042,2020-02-11,16.0,2.0,0.0,0.0,129564.12535612535,5.56,1.1514588859416428,1.543625257570476e-05,February2020,2020,4.0,12.0
26043,2020-02-12,16.0,0.0,0.0,0.0,129564.12535612535,11.11,1.1514588859416428,0.0,February2020,2020,4.0,12.0
26044,2020-02-13,16.0,0.0,0.0,0.0,129564.12535612535,11.11,1.1514588859416428,0.0,February2020,2020,4.0,12.0
26045,2020-02-14,16.0,0.0,0.0,0.0,129564.12535612535,11.11,1.1514588859416428,0.0,February2020,2020,5.0,11.0
26046,2020-02-15,16.0,0.0,0.0,0.0,129564.12535612535,11.11,1.1514588859416428,0.0,February2020,2020,8.0,8.0
26047,2020-02-16,16.0,0.0,0.0,0.0,129564.12535612535,11.11,1.1514588859416428,0.0,February2020,2020,10.0,6.0
26048,2020-02-17,16.0,0.0,0.0,0.0,129564.12535612535,11.11,1.1514588859416428,0.0,February2020,2020,12.0,4.0
26049,2020-02-18,16.0,0.0,0.0,0.0,129564.12535612535,11.11,1.1514588859416428,0.0,February2020,2020,12.0,4.0
26050,2020-02-19,16.0,0.0,0.0,0.0,129564.12535612535,11.11,1.1514588859416428,0.0,February2020,2020,12.0,4.0
26051,2020-02-20,16.0,0.0,0.0,0.0,129564.12535612535,11.11,1.1514588859416428,0.0,February2020,2020,12.0,4.0
26052,2020-02-21,16.0,0.0,0.0,0.0,129564.12535612535,11.11,1.1514588859416428,0.0,February2020,2020,13.0,3.0
26053,2020-02-22,16.0,0.0,0.0,0.0,129564.12535612535,11.11,1.1514588859416428,0.0,February2020,2020,13.0,3.0
26054,2020-02-23,16.0,0.0,0.0,0.0,129564.12535612535,11.11,1.1514588859416428,0.0,February2020,2020,14.0,2.0
26055,2020-02-24,16.0,0.0,0.0,0.0,129564.12535612535,11.11,1.1514588859416428,0.0,February2020,2020,14.0,2.0
26056,2020-02-25,17.0,1.0,0.0,0.0,129564.12535612535,11.11,1.1514588859416428,7.71812628785238e-06,February2020,2020,16.0,1.0
26057,2020-02-26,27.0,10.0,0.0,0.0,129564.12535612535,16.67,1.1514588859416428,7.718126287852379e-05,February2020,2020,16.0,11.0
26058,2020-02-27,46.0,19.0,0.0,0.0,129564.12535612535,16.67,1.1514588859416428,0.00014664439946919522,February2020,2020,16.0,30.0
26059,2020-02-28,48.0,2.0,0.0,0.0,129564.12535612535,19.44,1.1514588859416428,1.543625257570476e-05,February2020,2020,16.0,32.0
26060,2020-02-29,79.0,31.0,0.0,0.0,129564.12535612535,25.0,1.1514588859416428,0.00023926191492342378,February2020,2020,16.0,63.0
26061,2020-03-01,130.0,51.0,0.0,0.0,129564.12535612535,25.0,1.1514588859416428,0.00039362444068047136,March2020,2020,16.0,114.0
26062,2020-03-02,159.0,29.0,0.0,0.0,129564.12535612535,25.0,2.89,0.000223825662347719,March2020,2020,16.0,143.0
26063,2020-03-03,196.0,37.0,0.0,0.0,129564.12535612535,25.0,2.92,0.00028557067265053804,March2020,2020,16.0,180.0
26064,2020-03-04,262.0,66.0,0.0,0.0,129564.12535612535,25.0,2.98,0.0005093963349982571,March2020,2020,16.0,246.0
26065,2020-03-05,482.0,220.0,0.0,0.0,129564.12535612535,25.0,3.04,0.0016979877833275235,March2020,2020,16.0,466.0
26066,2020-03-06,670.0,188.0,0.0,0.0,129564.12535612535,25.0,2.99,0.0014510077421162474,March2020,2020,16.0,654.0
26067,2020-03-07,799.0,129.0,0.0,0.0,129564.12535612535,25.0,2.93,0.000995638291132957,March2020,2020,16.0,783.0
26068,2020-03-08,1040.0,241.0,0.0,0.0,129564.12535612535,25.0,2.9,0.0018600684353724235,March2020,2020,16.0,1024.0
26069,2020-03-09,1176.0,136.0,2.0,2.0,129564.12535612535,28.7,2.87,0.0010496651751479237,March2020,2020,16.0,1160.0
26070,2020-03-10,1457.0,281.0,2.0,0.0,129564.12535612535,32.87,2.88,0.0021687934868865185,March2020,2020,17.0,1440.0
26071,2020-03-11,1908.0,451.0,3.0,1.0,129564.12535612535,32.87,2.89,0.003480874955821423,March2020,2020,27.0,1881.0
26072,2020-03-12,2078.0,170.0,3.0,0.0,129564.12535612535,32.87,2.9,0.0013120814689349045,March2020,2020,46.0,2032.0
26073,2020-03-13,3675.0,1597.0,7.0,4.0,129564.12535612535,32.87,2.95,0.012325847681700251,March2020,2020,48.0,3627.0
26074,2020-03-14,4585.0,910.0,9.0,2.0,129564.12535612535,32.87,2.86,0.0070234949219456656,March2020,2020,79.0,4506.0
26075,2020-03-15,5795.0,1210.0,11.0,2.0,129564.12535612535,32.87,2.78,0.00933893280830138,March2020,2020,130.0,5665.0
26076,2020-03-16,7272.0,1477.0,17.0,6.0,129564.12535612535,42.13,2.7,0.011399672527157964,March2020,2020,159.0,7113.0
26077,2020-03-17,9257.0,1985.0,24.0,7.0,129564.12535612535,42.13,2.63,0.015320480681386974,March2020,2020,196.0,9061.0
26078,2020-03-18,12327.0,3070.0,28.0,4.0,129564.12535612535,52.31,2.55,0.023694647703706804,March2020,2020,262.0,12065.0
26079,2020-03-19,15320.0,2993.0,44.0,16.0,129564.12535612535,55.09,2.45,0.02310035197954217,March2020,2020,482.0,14838.0
26080,2020-03-20,19848.0,4528.0,67.0,23.0,129564.12535612535,57.87,2.34,0.034947675831395575,March2020,2020,670.0,19178.0
26081,2020-03-21,22213.0,2365.0,84.0,17.0,129564.12535612535,68.06,2.22,0.01825336867077088,March2020,2020,799.0,21414.0
26082,2020-03-22,24873.0,2660.0,94.0,10.0,53505.0,76.85,2.12,0.049714050760662355,March2020,2020,1040.0,23833.0
26083,2020-03-23,29056.0,4183.0,123.0,29.0,53567.0,76.85,2.05,0.0780876642771804,March2020,2020,1176.0,27880.0
26084,2020-03-24,32986.0,3930.0,157.0,34.0,53630.0,76.85,1.97,0.07327851429210717,March2020,2020,1457.0,31529.0
26085,2020-03-25,37323.0,4337.0,206.0,49.0,53693.0,76.85,1.9,0.08077252579431594,March2020,2020,1908.0,35415.0
26086,2020-03-26,43938.0,6615.0,267.0,61.0,53755.0,76.85,1.83,0.12305603095468413,March2020,2020,2078.0,41860.0
26087,2020-03-27,50871.0,6933.0,342.0,75.0,53818.0,76.85,1.75,0.1288206767126851,March2020,2020,3675.0,47196.0
26088,2020-03-28,57695.0,6824.0,433.0,91.0,53880.0,76.85,1.67,0.12664946827267498,March2020,2020,4585.0,53110.0
26089,2020-03-29,62095.0,4400.0,533.0,100.0,53943.0,76.85,1.58,0.08156606851549755,March2020,2020,5795.0,56300.0
26090,2020-03-30,66885.0,4790.0,645.0,112.0,54760.0,76.85,1.5,0.08747101039060645,March2020,2020,7272.0,59613.0
26091,2020-03-31,71808.0,4923.0,775.0,130.0,55577.0,76.85,1.44,0.08857821440138185,March2020,2020,9257.0,62551.0
26092,2020-04-01,77872.0,6064.0,920.0,145.0,56395.0,76.85,1.38,0.1075253564082559,April2020,2020,12327.0,65545.0
26093,2020-04-02,84794.0,6922.0,1107.0,187.0,57212.0,76.85,1.32,0.1209864890846486,April2020,2020,15320.0,69474.0
26094,2020-04-03,91159.0,6365.0,1275.0,168.0,58029.0,76.85,1.26,0.10968464587282441,April2020,2020,19848.0,71311.0
26095,2020-04-04,96092.0,4933.0,1444.0,169.0,58846.0,76.85,1.19,0.08382755280643023,April2020,2020,22213.0,73879.0
26096,2020-04-05,100123.0,4031.0,1584.0,140.0,59664.0,76.85,1.14,0.06756054638397721,April2020,2020,24873.0,75250.0
26097,2020-04-06,103374.0,3251.0,1810.0,226.0,59023.0,76.85,1.09,0.0550792897804283,April2020,2020,29056.0,74318.0
26098,2020-04-07,107663.0,4289.0,2016.0,206.0,58382.0,76.85,1.05,0.07346316564753438,April2020,2020,32986.0,74677.0
26099,2020-04-08,113296.0,5633.0,2349.0,333.0,57741.0,76.85,1.02,0.09755463960375463,April2020,2020,37323.0,75973.0
26100,2020-04-09,118181.0,4885.0,2607.0,258.0,57100.0,76.85,0.98,0.08555016549622599,April2020,2020,43938.0,74243.0
26101,2020-04-10,122171.0,3990.0,2767.0,160.0,56459.0,76.85,0.93,0.07066950053134963,April2020,2020,50871.0,71300.0
26102,2020-04-11,124908.0,2737.0,2736.0,-31.0,55818.0,76.85,0.9,0.04903348322255863,April2020,2020,57695.0,67213.0
26103,2020-04-12,127854.0,2946.0,3022.0,286.0,55177.0,76.85,0.86,0.05339084417702707,April2020,2020,62095.0,65759.0
26104,2020-04-13,130072.0,2218.0,3194.0,172.0,54233.0,76.85,0.84,0.04089685437179629,April2020,2020,66885.0,63187.0
26105,2020-04-14,131359.0,1287.0,3294.0,100.0,53289.0,76.85,0.82,0.02415087258397448,April2020,2020,71808.0,59551.0
26106,2020-04-15,134753.0,3394.0,3804.0,510.0,52345.0,76.85,0.81,0.06483780995682574,April2020,2020,77872.0,56881.0
26107,2020-04-16,137698.0,2945.0,4052.0,248.0,51401.0,76.85,0.8,0.05729349052566048,April2020,2020,84794.0,52904.0
26108,2020-04-17,141397.0,3699.0,4352.0,300.0,50457.0,76.85,0.78,0.07330849419319038,April2020,2020,91159.0,50238.0
26109,2020-04-18,143342.0,1945.0,4459.0,107.0,49513.0,76.85,0.76,0.039281819283434986,April2020,2020,96092.0,47250.0
26110,2020-04-19,145184.0,1842.0,4586.0,127.0,48569.0,76.85,0.75,0.037924644842495366,April2020,2020,100123.0,45061.0
26111,2020-04-20,147065.0,1881.0,4862.0,276.0,49052.0,76.85,0.74,0.03834627851507553,April2020,2020,103374.0,43691.0
26112,2020-04-21,148291.0,1226.0,5033.0,171.0,49535.0,76.85,0.73,0.02474967700258398,April2020,2020,107663.0,40628.0
26113,2020-04-22,150648.0,2357.0,5279.0,246.0,50019.0,76.85,0.72,0.047121151539384246,April2020,2020,113296.0,37352.0
26114,2020-04-23,153129.0,2481.0,5575.0,296.0,50502.0,76.85,0.72,0.049125794507256994,April2020,2020,118181.0,34948.0
26115,2020-04-24,154999.0,1870.0,5760.0,185.0,50985.0,76.85,0.71,0.036676734789942336,April2020,2020,122171.0,32828.0
26116,2020-04-25,156513.0,1514.0,5877.0,117.0,51468.0,76.85,0.7,0.029415764829314732,April2020,2020,124908.0,31605.0
26117,2020-04-26,157770.0,1257.0,5976.0,99.0,51951.0,76.85,0.69,0.024195411148752694,April2020,2020,127854.0,29916.0
26118,2020-04-27,158758.0,988.0,6126.0,150.0,51219.0,76.85,0.68,0.019289340101522844,April2020,2020,130072.0,28686.0
26119,2020-04-28,159912.0,1154.0,6314.0,188.0,50488.0,76.85,0.68,0.022856463784190616,April2020,2020,131359.0,28553.0
26120,2020-04-29,161539.0,1627.0,6467.0,153.0,49756.0,76.85,0.68,0.03269891673533372,April2020,2020,134753.0,26786.0
26121,2020-04-30,163009.0,1470.0,6623.0,156.0,49024.0,76.85,0.68,0.02998470168281489,April2020,2020,137698.0,25311.0
26122,2020-05-01,164077.0,1068.0,6736.0,113.0,48292.0,76.85,0.67,0.0221150063156151,May2020,2020,141397.0,22680.0
26123,2020-05-02,164967.0,890.0,6812.0,76.0,47560.0,76.85,0.67,0.01871281091650722,May2020,2020,143342.0,21625.0
26124,2020-05-03,165664.0,697.0,6866.0,54.0,46828.0,75.46,0.67,0.01488393943923637,May2020,2020,145184.0,20480.0
26125,2020-05-04,166152.0,488.0,6993.0,127.0,48009.0,71.76,0.67,0.010164549052280775,May2020,2020,147065.0,19087.0
26126,2020-05-05,167007.0,855.0,6993.0,0.0,49189.0,71.76,0.69,0.017381581622280953,May2020,2020,148291.0,18716.0
26127,2020-05-06,168162.0,1155.0,7275.0,282.0,50370.0,66.2,0.7,0.022929860435568085,May2020,2020,150648.0,17514.0
26128,2020-05-07,169430.0,1268.0,7392.0,117.0,51550.0,64.35,0.71,0.024597001028108086,May2020,2020,153129.0,16301.0
26129,2020-05-08,170588.0,1158.0,7510.0,118.0,52730.0,64.35,0.71,0.021960516584172498,May2020,2020,154999.0,15589.0
26130,2020-05-09,171324.0,736.0,7549.0,39.0,53911.0,64.35,0.7,0.013651877133105802,May2020,2020,156513.0,14811.0
26131,2020-05-10,171879.0,555.0,7569.0,20.0,55091.0,64.35,0.7,0.010074057939446743,May2020,2020,157770.0,14109.0
26132,2020-05-11,172576.0,697.0,7661.0,92.0,56031.0,64.35,0.71,0.012439320388349514,May2020,2020,158758.0,13818.0
26133,2020-05-12,173171.0,595.0,7738.0,77.0,56970.0,64.35,0.71,0.010443910059503958,May2020,2020,159912.0,13259.0
26134,2020-05-13,174098.0,927.0,7861.0,123.0,57910.0,64.35,0.72,0.01600732157966535,May2020,2020,161539.0,12559.0
26135,2020-05-14,174478.0,380.0,7884.0,23.0,58850.0,64.35,0.72,0.006456984588197312,May2020,2020,163009.0,11469.0
26136,2020-05-15,175233.0,755.0,7897.0,13.0,59790.0,64.35,0.73,0.012627318492749746,May2020,2020,164077.0,11156.0
26137,2020-05-16,175752.0,519.0,7938.0,41.0,60729.0,61.57,0.74,0.008546023382183434,May2020,2020,164967.0,10785.0
26138,2020-05-17,176369.0,617.0,7962.0,24.0,61669.0,61.57,0.75,0.01000486460191341,May2020,2020,165664.0,10705.0
26139,2020-05-18,176551.0,182.0,8003.0,41.0,60134.0,61.57,0.75,0.003026523655109337,May2020,2020,166152.0,10399.0
26140,2020-05-19,177778.0,1227.0,8081.0,78.0,58600.0,59.72,0.78,0.020938209245576014,May2020,2020,167007.0,10771.0
26141,2020-05-20,178473.0,695.0,8144.0,63.0,57065.0,59.72,0.77,0.012178880594399467,May2020,2020,168162.0,10311.0
26142,2020-05-21,179021.0,548.0,8203.0,59.0,55531.0,59.72,0.77,0.009868184110062666,May2020,2020,169430.0,9591.0
26143,2020-05-22,179710.0,689.0,8228.0,25.0,53996.0,59.72,0.76,0.012759968146378503,May2020,2020,170588.0,9122.0
26144,2020-05-23,179986.0,276.0,8261.0,33.0,52462.0,59.72,0.76,0.00526085050416484,May2020,2020,171324.0,8662.0
26145,2020-05-24,180328.0,342.0,8283.0,22.0,50927.0,59.72,0.76,0.006715362865221489,May2020,2020,171879.0,8449.0
26146,2020-05-25,180600.0,272.0,8309.0,26.0,51980.0,59.72,0.76,0.00523268117196668,May2020,2020,172576.0,8024.0
26147,2020-05-26,181200.0,600.0,8372.0,63.0,53033.0,59.72,0.78,0.011313497001923295,May2020,2020,173171.0,8029.0
26148,2020-05-27,181524.0,324.0,8428.0,56.0,54086.0,59.72,0.78,0.005990348882356204,May2020,2020,174098.0,7426.0
26149,2020-05-28,182196.0,672.0,8470.0,42.0,55138.0,59.72,0.79,0.012187380982607592,May2020,2020,174478.0,7718.0
26150,2020-05-29,182922.0,726.0,8504.0,34.0,56191.0,59.72,0.79,0.01291998861047836,May2020,2020,175233.0,7689.0
26151,2020-05-30,183189.0,267.0,8530.0,26.0,57244.0,59.72,0.78,0.00466416280897895,May2020,2020,175752.0,7437.0
26152,2020-05-31,183410.0,221.0,8540.0,10.0,58297.0,59.72,0.78,0.0037908676112388077,May2020,2020,176369.0,7041.0
26153,2020-06-01,183594.0,184.0,8555.0,15.0,56955.0,59.72,0.78,0.0032305639440971977,June2020,2020,176551.0,7043.0
26154,2020-06-02,183879.0,285.0,8563.0,8.0,55613.0,59.72,0.8,0.005124608911425181,June2020,2020,177778.0,6101.0
26155,2020-06-03,184121.0,242.0,8602.0,39.0,54271.0,59.72,0.81,0.004459021226415095,June2020,2020,178473.0,5648.0
26156,2020-06-04,184472.0,351.0,8635.0,33.0,52930.0,59.72,0.84,0.00663127467835484,June2020,2020,179021.0,5451.0
26157,2020-06-05,184924.0,452.0,8658.0,23.0,51588.0,59.72,0.86,0.00876155769640815,June2020,2020,179710.0,5214.0
26158,2020-06-06,185450.0,526.0,8673.0,15.0,50246.0,59.72,0.88,0.01046828666388043,June2020,2020,179986.0,5464.0
26159,2020-06-07,185750.0,300.0,8685.0,12.0,48904.0,59.72,0.88,0.006134342091810653,June2020,2020,180328.0,5422.0
26160,2020-06-08,186109.0,359.0,8695.0,10.0,48611.0,59.72,0.89,0.007385007816999918,June2020,2020,180600.0,5509.0
26161,2020-06-09,186506.0,397.0,8736.0,41.0,48318.0,59.72,0.9,0.008216229640514083,June2020,2020,181200.0,5306.0
26162,2020-06-10,186522.0,16.0,8752.0,16.0,48026.0,59.72,0.9,0.0003331459387427905,June2020,2020,181524.0,4998.0
26163,2020-06-11,186691.0,169.0,8772.0,20.0,47733.0,59.72,0.93,0.0035404533456236645,June2020,2020,182196.0,4495.0
26164,2020-06-12,187226.0,535.0,8783.0,11.0,47440.0,59.72,0.96,0.011277165321135726,June2020,2020,182922.0,4304.0
26165,2020-06-13,187267.0,41.0,8793.0,10.0,47147.0,59.72,0.98,0.0008696021040128955,June2020,2020,183189.0,4078.0
26166,2020-06-14,187518.0,251.0,8801.0,8.0,46854.0,59.72,1.02,0.00535695229964785,June2020,2020,183410.0,4108.0
26167,2020-06-15,187682.0,164.0,8807.0,6.0,48015.0,59.72,1.07,0.0034155281572809063,June2020,2020,183594.0,4088.0
26168,2020-06-16,188252.0,570.0,8820.0,13.0,49175.0,59.72,1.12,0.01159102000976086,June2020,2020,183879.0,4373.0
26169,2020-06-17,188604.0,352.0,8851.0,31.0,50335.0,59.72,1.16,0.006993006993006993,June2020,2020,184121.0,4483.0
26170,2020-06-18,189817.0,1213.0,8875.0,24.0,51495.0,63.43,1.2,0.023555227590492465,June2020,2020,184472.0,5345.0
26171,2020-06-19,190299.0,482.0,8887.0,12.0,52656.0,63.43,1.17,0.00915357882142925,June2020,2020,184924.0,5375.0
26172,2020-06-20,190670.0,371.0,8895.0,8.0,53816.0,63.43,1.15,0.006893732463719642,June2020,2020,185450.0,5220.0
26173,2020-06-21,191272.0,602.0,8895.0,0.0,54976.0,63.43,1.14,0.010950033650435637,June2020,2020,185750.0,5522.0
26174,2020-06-22,191768.0,496.0,8899.0,4.0,56772.0,63.43,1.12,0.00873654730241488,June2020,2020,186109.0,5659.0
26175,2020-06-23,192480.0,712.0,8914.0,15.0,58568.0,63.43,1.1,0.012156601615188922,June2020,2020,186506.0,5974.0
26176,2020-06-24,192871.0,391.0,8928.0,14.0,60363.0,63.43,1.07,0.006477370618249287,June2020,2020,186522.0,6349.0
26177,2020-06-25,193371.0,500.0,8940.0,12.0,62159.0,63.43,1.06,0.008043758043758044,June2020,2020,186691.0,6680.0
26178,2020-06-26,194036.0,665.0,8965.0,25.0,63955.0,63.43,1.04,0.010397773469260116,June2020,2020,187226.0,6810.0
26179,2020-06-27,194458.0,422.0,8968.0,3.0,65750.0,63.43,1.01,0.006418153336070934,June2020,2020,187267.0,7191.0
26180,2020-06-28,194693.0,235.0,8968.0,0.0,67546.0,63.43,0.99,0.003479059025567383,June2020,2020,187518.0,7175.0
26181,2020-06-29,195042.0,349.0,8976.0,8.0,68365.0,63.43,0.98,0.005104876693093058,June2020,2020,187682.0,7360.0
26182,2020-06-30,195418.0,376.0,8990.0,14.0,69185.0,63.43,0.98,0.0054346255022692455,June2020,2020,188252.0,7166.0
26183,2020-07-01,195893.0,475.0,8995.0,5.0,70004.0,63.43,0.98,0.006785229626455253,July2020,2020,188604.0,7289.0
26184,2020-07-02,196370.0,477.0,9006.0,11.0,70823.0,63.43,0.97,0.006735005083022704,July2020,2020,189817.0,6553.0
26185,2020-07-03,196780.0,410.0,9010.0,4.0,71643.0,63.43,0.97,0.005722740215510022,July2020,2020,190299.0,6481.0
26186,2020-07-04,197198.0,418.0,9020.0,10.0,72462.0,63.43,0.96,0.005768461145688145,July2020,2020,190670.0,6528.0
26187,2020-07-05,197523.0,325.0,9023.0,3.0,73281.0,63.43,0.96,0.004434922627657542,July2020,2020,191272.0,6251.0
26188,2020-07-06,198064.0,541.0,9022.0,-1.0,73294.0,63.43,0.96,0.007381131045773927,July2020,2020,191768.0,6296.0
26189,2020-07-07,198343.0,279.0,9032.0,10.0,73306.0,55.09,0.95,0.003805912122989619,July2020,2020,192480.0,5863.0
26190,2020-07-08,198699.0,356.0,9046.0,14.0,73318.0,55.09,0.96,0.004855494483012589,July2020,2020,192871.0,5828.0
26191,2020-07-09,199001.0,302.0,9057.0,11.0,73331.0,55.09,0.96,0.004118256695576283,July2020,2020,193371.0,5630.0
26192,2020-07-10,199332.0,331.0,9063.0,6.0,73343.0,55.09,0.97,0.004512979930191972,July2020,2020,194036.0,5296.0
26193,2020-07-11,199709.0,377.0,9070.0,7.0,73355.0,55.09,0.98,0.0051393205736408746,July2020,2020,194458.0,5251.0
26194,2020-07-12,199919.0,210.0,9071.0,1.0,73367.0,55.09,0.99,0.00286228328426562,July2020,2020,194693.0,5226.0
26195,2020-07-13,200180.0,261.0,9074.0,3.0,73993.0,55.09,1.01,0.0035273130253804363,July2020,2020,195042.0,5138.0
26196,2020-07-14,200456.0,276.0,9078.0,4.0,74618.0,55.09,1.04,0.0036987898524504484,July2020,2020,195418.0,5038.0
26197,2020-07-15,200890.0,434.0,9080.0,2.0,75244.0,55.09,1.07,0.005767825104658117,July2020,2020,195893.0,4997.0
26198,2020-07-16,201450.0,560.0,9087.0,7.0,75869.0,55.09,1.1,0.007381046526954,July2020,2020,196370.0,5080.0
26199,2020-07-17,202045.0,595.0,9088.0,1.0,76495.0,55.09,1.12,0.007778184480234261,July2020,2020,196780.0,5265.0
26200,2020-07-18,202426.0,381.0,9091.0,3.0,77120.0,55.09,1.12,0.0049402886373361345,July2020,2020,197198.0,5228.0
26201,2020-07-19,202735.0,309.0,9092.0,1.0,77746.0,55.09,1.13,0.003974429881538837,July2020,2020,197523.0,5212.0
26202,2020-07-20,203325.0,590.0,9094.0,2.0,77999.0,55.09,1.15,0.007564102564102564,July2020,2020,198064.0,5261.0
26203,2020-07-21,203717.0,392.0,9099.0,5.0,78252.0,55.09,1.16,0.005009392611145898,July2020,2020,198343.0,5374.0
26204,2020-07-22,204276.0,559.0,9102.0,3.0,78506.0,55.09,1.18,0.007120384169564497,July2020,2020,198699.0,5577.0
26205,2020-07-23,204881.0,605.0,9110.0,8.0,78759.0,55.09,1.19,0.007681564245810056,July2020,2020,199001.0,5880.0
26206,2020-07-24,205623.0,742.0,9120.0,10.0,79012.0,55.09,1.2,0.009390859731942845,July2020,2020,199332.0,6291.0
26207,2020-07-25,206278.0,655.0,9124.0,4.0,79266.0,55.09,1.2,0.008263211676990425,July2020,2020,199709.0,6569.0
26208,2020-07-26,206667.0,389.0,9124.0,0.0,79519.0,55.09,1.2,0.004891851106639839,July2020,2020,199919.0,6748.0
26209,2020-07-27,207112.0,445.0,9125.0,1.0,80184.0,55.09,1.2,0.00554966639645819,July2020,2020,200180.0,6932.0
26210,2020-07-28,207707.0,595.0,9131.0,6.0,80848.0,55.09,1.22,0.007359398384642977,July2020,2020,200456.0,7251.0
26211,2020-07-29,208546.0,839.0,9135.0,4.0,81513.0,55.09,1.23,0.010292710454645828,July2020,2020,200890.0,7656.0
26212,2020-07-30,209535.0,989.0,9144.0,9.0,82178.0,55.09,1.24,0.012034704729918836,July2020,2020,201450.0,8085.0
26213,2020-07-31,210399.0,864.0,9147.0,3.0,82842.0,57.87,1.23,0.010429366391849644,July2020,2020,202045.0,8354.0
26214,2020-08-01,211005.0,606.0,9154.0,7.0,83507.0,57.87,1.22,0.00725678976864492,August2020,2020,202426.0,8579.0
26215,2020-08-02,211220.0,215.0,9154.0,0.0,84172.0,57.87,1.21,0.0025542632435579106,August2020,2020,202735.0,8485.0
26216,2020-08-03,212111.0,891.0,9154.0,0.0,86830.0,57.87,1.23,0.010261312204166715,August2020,2020,203325.0,8786.0
26217,2020-08-04,212828.0,717.0,9163.0,9.0,89489.0,57.87,1.24,0.008012068387529332,August2020,2020,203717.0,9111.0
26218,2020-08-05,214113.0,1285.0,9179.0,16.0,92148.0,57.87,1.25,0.013944806780323173,August2020,2020,204276.0,9837.0
26219,2020-08-06,215039.0,926.0,9181.0,2.0,94806.0,57.87,1.24,0.009767211281867373,August2020,2020,204881.0,10158.0
26220,2020-08-07,216196.0,1157.0,9195.0,14.0,97465.0,59.72,1.24,0.011870806229864774,August2020,2020,205623.0,10573.0
26221,2020-08-08,216903.0,707.0,9201.0,6.0,100124.0,56.94,1.22,0.007061173533083645,August2020,2020,206278.0,10625.0
26222,2020-08-09,217288.0,385.0,9202.0,1.0,102782.0,56.94,1.22,0.0037457556210657404,August2020,2020,206667.0,10621.0
26223,2020-08-10,218508.0,1220.0,9203.0,1.0,105879.0,56.94,1.23,0.01152247827729505,August2020,2020,207112.0,11396.0
26224,2020-08-11,219540.0,1032.0,9208.0,5.0,108975.0,56.94,1.24,0.009469975040375863,August2020,2020,207707.0,11833.0
26225,2020-08-12,220859.0,1319.0,9213.0,5.0,112071.0,56.94,1.24,0.011769219787279605,August2020,2020,208546.0,12313.0
26226,2020-08-13,222281.0,1422.0,9217.0,4.0,115167.0,56.94,1.23,0.012347179772158934,August2020,2020,209535.0,12746.0
26227,2020-08-14,223791.0,1510.0,9230.0,13.0,118263.0,56.94,1.22,0.012768044375295948,August2020,2020,210399.0,13392.0
26228,2020-08-15,224488.0,697.0,9235.0,5.0,121360.0,56.94,1.2,0.005743195919611737,August2020,2020,211005.0,13483.0
26229,2020-08-16,225007.0,519.0,9235.0,0.0,124456.0,56.94,1.19,0.004170114979470821,August2020,2020,211220.0,13787.0
26230,2020-08-17,226700.0,1693.0,9236.0,1.0,127788.0,56.94,1.2,0.013248401662114892,August2020,2020,212111.0,14589.0
26231,2020-08-18,228120.0,1420.0,9241.0,5.0,131119.0,56.94,1.2,0.010829774252593044,August2020,2020,212828.0,15292.0
26232,2020-08-19,229706.0,1586.0,9249.0,8.0,134451.0,56.94,1.19,0.01179603129741469,August2020,2020,214113.0,15593.0
26233,2020-08-20,231292.0,1586.0,9263.0,14.0,137783.0,56.94,1.17,0.011510770481333102,August2020,2020,215039.0,16253.0
26234,2020-08-21,233029.0,1737.0,9266.0,3.0,141115.0,56.94,1.15,0.012309022364579494,August2020,2020,216196.0,16833.0
26235,2020-08-22,233861.0,832.0,9272.0,6.0,144447.0,56.94,1.12,0.0057598582188746125,August2020,2020,216903.0,16958.0
26236,2020-08-23,234494.0,633.0,9275.0,3.0,147778.0,56.94,1.11,0.004283423219807956,August2020,2020,217288.0,17206.0
26237,2020-08-24,236122.0,1628.0,9276.0,1.0,149802.0,59.72,1.11,0.010867606122707823,August2020,2020,218508.0,17614.0
26238,2020-08-25,237583.0,1461.0,9281.0,5.0,151826.0,59.72,1.1,0.0096227943646387,August2020,2020,219540.0,18043.0
26239,2020-08-26,239010.0,1427.0,9285.0,4.0,153850.0,59.72,1.09,0.009275207830953326,August2020,2020,220859.0,18151.0
26240,2020-08-27,240571.0,1561.0,9290.0,5.0,155874.0,59.72,1.08,0.010014434643143545,August2020,2020,222281.0,18290.0
26241,2020-08-28,242126.0,1555.0,9290.0,0.0,157898.0,59.72,1.06,0.009848067435512574,August2020,2020,223791.0,18335.0
26242,2020-08-29,242835.0,709.0,9299.0,9.0,159922.0,59.72,1.05,0.004433383565841061,August2020,2020,224488.0,18347.0
26243,2020-08-30,243305.0,470.0,9300.0,1.0,161946.0,59.72,1.04,0.0029021840478675124,August2020,2020,225007.0,18298.0
26244,2020-08-31,244802.0,1497.0,9303.0,3.0,160300.0,59.72,1.05,0.00933868160523016,August2020,2020,226700.0,18102.0
26245,2020-09-01,246015.0,1213.0,9307.0,4.0,158653.0,59.72,1.05,0.007645568343691303,September2020,2020,228120.0,17895.0
26246,2020-09-02,247411.0,1396.0,9322.0,15.0,157006.0,59.72,1.06,0.008891323316794793,September2020,2020,229706.0,17705.0
26247,2020-09-03,248840.0,1429.0,9322.0,0.0,155360.0,57.87,1.06,0.009197932557076743,September2020,2020,231292.0,17548.0
26248,2020-09-04,250283.0,1443.0,9327.0,5.0,153713.0,49.54,1.06,0.009387563917405051,September2020,2020,233029.0,17254.0
26249,2020-09-05,251058.0,775.0,9329.0,2.0,152067.0,49.54,1.06,0.005096404240208328,September2020,2020,233861.0,17197.0
26250,2020-09-06,251728.0,670.0,9330.0,1.0,150420.0,49.54,1.07,0.004454165309365049,September2020,2020,234494.0,17234.0
26251,2020-09-07,253626.0,1898.0,9331.0,1.0,152370.0,49.54,1.09,0.012456438561143524,September2020,2020,236122.0,17504.0
26252,2020-09-08,254957.0,1331.0,9336.0,5.0,154319.0,49.54,1.09,0.008624935199585277,September2020,2020,237583.0,17374.0
26253,2020-09-09,256433.0,1476.0,9342.0,6.0,156269.0,49.54,1.1,0.00944519101555001,September2020,2020,239010.0,17423.0
26254,2020-09-10,258149.0,1716.0,9345.0,3.0,158218.0,49.54,1.11,0.01084572649302549,September2020,2020,240571.0,17578.0
26255,2020-09-11,259735.0,1586.0,9348.0,3.0,160168.0,49.54,1.11,0.009902040969226254,September2020,2020,242126.0,17609.0
26256,2020-09-12,260817.0,1082.0,9352.0,4.0,162117.0,49.54,1.11,0.006674150927102481,September2020,2020,242835.0,17982.0
26257,2020-09-13,261737.0,920.0,9354.0,2.0,164066.0,49.54,1.11,0.005607465242858101,September2020,2020,243305.0,18432.0
26258,2020-09-14,263222.0,1485.0,9356.0,2.0,164054.0,49.54,1.13,0.009051842369936912,September2020,2020,244802.0,18420.0
26259,2020-09-15,265014.0,1792.0,9367.0,11.0,164043.0,49.54,1.14,0.010923898466265148,September2020,2020,246015.0,18999.0
26260,2020-09-16,266869.0,1855.0,9373.0,6.0,164031.0,49.54,1.15,0.011308769020678892,September2020,2020,247411.0,19458.0
26261,2020-09-17,269048.0,2179.0,9376.0,3.0,164019.0,49.54,1.16,0.013284965248140471,September2020,2020,248840.0,20208.0
26262,2020-09-18,271247.0,2199.0,9386.0,10.0,164007.0,49.54,1.15,0.013407882542315008,September2020,2020,250283.0,20964.0
26263,2020-09-19,272932.0,1685.0,9388.0,2.0,163995.0,49.54,1.14,0.010274640844898656,September2020,2020,251058.0,21874.0
26264,2020-09-20,273965.0,1033.0,9390.0,2.0,163983.0,49.54,1.14,0.006299395062932969,September2020,2020,251728.0,22237.0
26265,2020-09-21,275560.0,1595.0,9390.0,0.0,165460.0,49.54,1.14,0.0096397338345592,September2020,2020,253626.0,21934.0
26266,2020-09-22,277412.0,1852.0,9405.0,15.0,166938.0,49.54,1.15,0.011093872612151744,September2020,2020,254957.0,22455.0
26267,2020-09-23,279025.0,1613.0,9423.0,18.0,168415.0,49.54,1.16,0.009577474824244727,September2020,2020,256433.0,22592.0
26268,2020-09-24,281346.0,2321.0,9436.0,13.0,169893.0,49.54,1.17,0.013661459498275396,September2020,2020,258149.0,23197.0
26269,2020-09-25,283712.0,2366.0,9451.0,15.0,171370.0,49.54,1.17,0.013806303283519382,September2020,2020,259735.0,23977.0
26270,2020-09-26,285026.0,1314.0,9459.0,8.0,172848.0,49.54,1.17,0.007602011003824147,September2020,2020,260817.0,24209.0
26271,2020-09-27,286339.0,1313.0,9464.0,5.0,174326.0,49.54,1.18,0.007531822379780527,September2020,2020,261737.0,24602.0
26272,2020-09-28,288631.0,2292.0,9468.0,4.0,172465.0,49.54,1.2,0.01328957591641251,September2020,2020,263222.0,25409.0
26273,2020-09-29,290471.0,1840.0,9483.0,15.0,170605.0,49.54,1.22,0.010785083760242899,September2020,2020,265014.0,25457.0
26274,2020-09-30,292913.0,2442.0,9495.0,12.0,168745.0,49.54,1.24,0.014471454138172165,September2020,2020,266869.0,26044.0
26275,2020-10-01,295539.0,2626.0,9509.0,14.0,166885.0,49.54,1.25,0.01573529235526048,October2020,2020,269048.0,26491.0
26276,2020-10-02,298374.0,2835.0,9518.0,9.0,165024.0,49.54,1.26,0.017179215270413575,October2020,2020,271247.0,27127.0
26277,2020-10-03,300027.0,1653.0,9531.0,13.0,163164.0,49.54,1.27,0.010130849140440658,October2020,2020,272932.0,27095.0
26278,2020-10-04,301573.0,1546.0,9533.0,2.0,161304.0,49.54,1.29,0.009584327826167818,October2020,2020,273965.0,27608.0
26279,2020-10-05,304673.0,3100.0,9554.0,21.0,163138.0,49.54,1.33,0.019002200577421708,October2020,2020,275560.0,29113.0
26280,2020-10-06,307127.0,2454.0,9566.0,12.0,164972.0,49.54,1.35,0.014875161390045645,October2020,2020,277412.0,29715.0
26281,2020-10-07,311137.0,4010.0,9582.0,16.0,166806.0,49.54,1.39,0.02403975852332336,October2020,2020,279025.0,32112.0
26282,2020-10-08,315941.0,4804.0,9594.0,12.0,168639.0,49.54,1.41,0.028486717267552183,October2020,2020,281346.0,34595.0
26283,2020-10-09,320495.0,4554.0,9599.0,5.0,170473.0,49.54,1.41,0.02671375107054448,October2020,2020,283712.0,36783.0
26284,2020-10-10,323463.0,2968.0,9620.0,21.0,172307.0,49.54,1.42,0.017224969241126355,October2020,2020,285026.0,38437.0
26285,2020-10-11,326309.0,2846.0,9626.0,6.0,174141.0,49.54,1.43,0.01634298446095715,October2020,2020,286339.0,39970.0
26286,2020-10-12,332850.0,6541.0,9640.0,14.0,175475.0,49.54,1.45,0.03727575280950102,October2020,2020,288631.0,44219.0
26287,2020-10-13,337314.0,4464.0,9682.0,42.0,176809.0,49.54,1.46,0.02524744075561337,October2020,2020,290471.0,46843.0
26288,2020-10-14,344487.0,7173.0,9716.0,34.0,178143.0,49.54,1.47,0.040265178731812463,October2020,2020,292913.0,51574.0
26289,2020-10-15,352107.0,7620.0,9739.0,23.0,179477.0,58.8,1.47,0.04245645705880387,October2020,2020,295539.0,56568.0
26290,2020-10-16,359802.0,7695.0,9773.0,34.0,180811.0,58.8,1.46,0.042558016060880915,October2020,2020,298374.0,61428.0
26291,2020-10-17,364664.0,4862.0,9785.0,12.0,182145.0,58.8,1.45,0.026692872750430974,October2020,2020,300027.0,64637.0
26292,2020-10-18,368671.0,4007.0,9798.0,13.0,183478.0,58.8,1.44,0.021839011549005607,October2020,2020,301573.0,67098.0
26293,2020-10-19,377068.0,8397.0,9842.0,44.0,186766.0,58.8,1.46,0.04495976269897787,October2020,2020,304673.0,72395.0
26294,2020-10-20,385591.0,8523.0,9882.0,40.0,190055.0,58.8,1.46,0.0448446773582523,October2020,2020,307127.0,78464.0
26295,2020-10-21,397922.0,12331.0,9911.0,29.0,193343.0,58.8,1.47,0.06377751572327044,October2020,2020,311137.0,86785.0
26296,2020-10-22,403874.0,5952.0,9960.0,49.0,196631.0,60.65,1.46,0.030269742463078238,October2020,2020,315941.0,87933.0
26297,2020-10-23,417350.0,13476.0,9978.0,18.0,199919.0,60.65,1.46,0.06740696278511404,October2020,2020,320495.0,96855.0
26298,2020-10-24,427808.0,10458.0,10035.0,57.0,203207.0,60.65,1.45,0.05146450927128853,October2020,2020,323463.0,104345.0
26299,2020-10-25,437698.0,9890.0,10062.0,27.0,206495.0,60.65,1.44,0.04789439020610569,October2020,2020,326309.0,111389.0
26300,2020-10-26,450258.0,12560.0,10091.0,29.0,210954.0,60.65,1.44,0.05953876419141523,October2020,2020,332850.0,117408.0
26301,2020-10-27,463419.0,13161.0,10121.0,30.0,215414.0,60.65,1.44,0.061096023953763665,October2020,2020,337314.0,126105.0
26302,2020-10-28,479621.0,16202.0,10218.0,97.0,219874.0,60.65,1.43,0.0736873223422399,October2020,2020,344487.0,135134.0
26303,2020-10-29,498354.0,18733.0,10305.0,87.0,224334.0,60.65,1.42,0.0835045802037132,October2020,2020,352107.0,146247.0
26304,2020-10-30,517736.0,19382.0,10391.0,86.0,228794.0,60.65,1.4,0.08471338971568435,October2020,2020,359802.0,157934.0
26305,2020-10-31,531790.0,14054.0,10483.0,92.0,233253.0,60.65,1.37,0.06025191422226414,October2020,2020,364664.0,167126.0
26306,2020-11-01,544346.0,12556.0,10513.0,30.0,237713.0,60.65,1.35,0.052819775023768056,November2020,2020,368671.0,175675.0
26307,2020-11-02,569598.0,25252.0,10669.0,156.0,237116.0,62.04,1.34,0.10649594925711779,November2020,2020,377068.0,192530.0
26308,2020-11-03,577131.0,7533.0,10717.0,48.0,236519.0,62.04,1.31,0.03184931506849315,November2020,2020,385591.0,191540.0
26309,2020-11-04,608611.0,31480.0,10949.0,232.0,235922.0,62.04,1.31,0.13343336597110075,November2020,2020,397922.0,210689.0
26310,2020-11-05,631172.0,22561.0,11110.0,161.0,235324.0,62.04,1.28,0.09587166684372676,November2020,2020,403874.0,227298.0
26311,2020-11-06,653992.0,22820.0,11240.0,130.0,234727.0,62.04,1.24,0.09721890869431853,November2020,2020,417350.0,236642.0
26312,2020-11-07,668114.0,14122.0,11306.0,66.0,234130.0,62.04,1.21,0.06031666033118212,November2020,2020,427808.0,240306.0
26313,2020-11-08,682624.0,14510.0,11372.0,66.0,233533.0,62.04,1.18,0.06213228052446325,November2020,2020,437698.0,244926.0
26314,2020-11-09,689146.0,6522.0,11408.0,36.0,230119.0,62.04,1.16,0.028341734747088475,November2020,2020,450258.0,238888.0
26315,2020-11-10,715693.0,26547.0,11781.0,373.0,226705.0,64.81,1.16,0.1170987975615996,November2020,2020,463419.0,252274.0
26316,2020-11-11,738094.0,22401.0,11994.0,213.0,223291.0,64.81,1.15,0.10032155204843882,November2020,2020,479621.0,258473.0
26317,2020-11-12,762832.0,24738.0,12216.0,222.0,219878.0,64.81,1.13,0.11250733357892295,November2020,2020,498354.0,264478.0
26318,2020-11-13,785093.0,22261.0,12404.0,188.0,216464.0,64.81,1.11,0.10283879611022567,November2020,2020,517736.0,267357.0
26319,2020-11-14,799733.0,14640.0,12511.0,107.0,213050.0,64.81,1.09,0.06871594125350268,November2020,2020,531790.0,267943.0
26320,2020-11-15,802946.0,3213.0,12573.0,62.0,209636.0,64.81,1.07,0.01532649293779247,November2020,2020,544346.0,258600.0
26321,2020-11-16,817526.0,14580.0,12833.0,260.0,208263.0,64.81,1.08,0.07000729842891715,November2020,2020,569598.0,247928.0
26322,2020-11-17,843757.0,26231.0,13138.0,305.0,206889.0,64.81,1.08,0.1267871815940838,November2020,2020,577131.0,266626.0
26323,2020-11-18,867484.0,23727.0,13390.0,252.0,205515.0,64.81,1.08,0.11545086513945386,November2020,2020,608611.0,258873.0
26324,2020-11-19,891525.0,24041.0,13662.0,272.0,204142.0,64.81,1.07,0.11776548791778313,November2020,2020,631172.0,260353.0
26325,2020-11-20,914118.0,22593.0,13918.0,256.0,202768.0,64.81,1.06,0.11142235746095311,November2020,2020,653992.0,260126.0
26326,2020-11-21,927990.0,13872.0,14061.0,143.0,201394.0,64.81,1.04,0.06887956503388863,November2020,2020,668114.0,259876.0
26327,2020-11-22,932367.0,4377.0,14159.0,98.0,200021.0,64.81,1.03,0.021882592914779373,November2020,2020,682624.0,249743.0
26328,2020-11-23,946822.0,14455.0,14460.0,301.0,199632.0,64.81,1.04,0.07240786843858481,November2020,2020,689146.0,257676.0
26329,2020-11-24,963192.0,16370.0,14832.0,372.0,199244.0,64.81,1.05,0.08216015458355291,November2020,2020,715693.0,247499.0
26330,2020-11-25,995879.0,32687.0,15210.0,378.0,198856.0,64.81,1.06,0.16437439969425266,November2020,2020,738094.0,257785.0
26331,2020-11-26,1017830.0,21951.0,15640.0,430.0,198467.0,64.81,1.05,0.11060221295120624,November2020,2020,762832.0,254998.0
26332,2020-11-27,1038649.0,20819.0,16011.0,371.0,198079.0,64.81,1.04,0.10510399838449111,November2020,2020,785093.0,253556.0
26333,2020-11-28,1052494.0,13845.0,16181.0,170.0,197691.0,64.81,1.03,0.07003318293102402,November2020,2020,799733.0,252761.0
26334,2020-11-29,1055691.0,3197.0,16306.0,125.0,197302.0,64.81,1.03,0.016203504254877016,November2020,2020,802946.0,252745.0
26335,2020-11-30,1069912.0,14221.0,16694.0,388.0,197602.0,67.59,1.04,0.07196753085732505,November2020,2020,817526.0,252386.0
26336,2020-12-01,1094678.0,24766.0,17177.0,483.0,197901.0,67.59,1.06,0.12514274742044043,December2020,2020,843757.0,250921.0
26337,2020-12-02,1117953.0,23275.0,17659.0,482.0,198201.0,67.59,1.07,0.11743070201107961,December2020,2020,867484.0,250469.0
26338,2020-12-03,1141544.0,23591.0,18097.0,438.0,198500.0,67.59,1.07,0.11884574888791492,December2020,2020,891525.0,250019.0
26339,2020-12-04,1157514.0,15970.0,18577.0,480.0,198800.0,67.59,1.07,0.08033158786927631,December2020,2020,914118.0,243396.0
26340,2020-12-05,1183640.0,26126.0,18839.0,262.0,199099.0,67.59,1.07,0.13122049221496734,December2020,2020,927990.0,255650.0
26341,2020-12-06,1194550.0,10910.0,18989.0,150.0,199399.0,67.59,1.07,0.05471414242728184,December2020,2020,932367.0,262183.0
26342,2020-12-07,1200006.0,5456.0,19434.0,445.0,201853.0,67.59,1.07,0.02702943711791691,December2020,2020,946822.0,253184.0
26343,2020-12-08,1229269.0,29263.0,20002.0,568.0,204307.0,67.59,1.1,0.14322982947314838,December2020,2020,963192.0,266077.0
26344,2020-12-09,1254358.0,25089.0,20460.0,458.0,206761.0,67.59,1.11,0.12134241301593136,December2020,2020,995879.0,258479.0
26345,2020-12-10,1287092.0,32734.0,21064.0,604.0,209215.0,67.59,1.11,0.15646030896298563,December2020,2020,1017830.0,269262.0
26346,2020-12-11,1314309.0,27217.0,21567.0,503.0,211669.0,67.59,1.1,0.12858222705154249,December2020,2020,1038649.0,275660.0
26347,2020-12-12,1336101.0,21792.0,21900.0,333.0,214123.0,67.59,1.09,0.10177280454316191,December2020,2020,1052494.0,283607.0
26348,2020-12-13,1350810.0,14709.0,22106.0,206.0,216577.0,67.59,1.08,0.06791548541403097,December2020,2020,1055691.0,295119.0
26349,2020-12-14,1357261.0,6451.0,22634.0,528.0,219760.0,67.59,1.07,0.02935461706126201,December2020,2020,1069912.0,287349.0
26350,2020-12-15,1391086.0,33825.0,23544.0,910.0,222944.0,67.59,1.09,0.1517190338424275,December2020,2020,1094678.0,296408.0
26351,2020-12-16,1423830.0,32744.0,24273.0,729.0,226128.0,82.41,1.09,0.14480230311017162,December2020,2020,1117953.0,305877.0
26352,2020-12-17,1454009.0,30179.0,25027.0,754.0,229311.0,82.41,1.08,0.13160671922969577,December2020,2020,1141544.0,312465.0
26353,2020-12-18,1486839.0,32830.0,25754.0,727.0,232495.0,82.41,1.06,0.14120673043837315,December2020,2020,1157514.0,329325.0
26354,2020-12-19,1508518.0,21679.0,26171.0,417.0,235678.0,82.41,1.04,0.09198528506994684,December2020,2020,1183640.0,324878.0
26355,2020-12-20,1514962.0,6444.0,26400.0,229.0,238862.0,82.41,1.02,0.026977807362379272,December2020,2020,1194550.0,320412.0
26356,2020-12-21,1534218.0,19256.0,27110.0,710.0,226991.0,82.41,1.02,0.08483118347783182,December2020,2020,1200006.0,334212.0
26357,2020-12-22,1570371.0,36153.0,28096.0,986.0,215121.0,82.41,1.02,0.16805812515688773,December2020,2020,1229269.0,341102.0
26358,2020-12-23,1604129.0,33758.0,28909.0,813.0,203250.0,82.41,1.0,0.166090203738235,December2020,2020,1254358.0,349771.0
26359,2020-12-24,1630596.0,26467.0,29330.0,421.0,191379.0,82.41,0.98,0.13829553767373812,December2020,2020,1287092.0,343504.0
26360,2020-12-25,1632736.0,2140.0,29580.0,250.0,179509.0,82.41,0.95,0.011921341429446827,December2020,2020,1314309.0,318427.0
26361,2020-12-26,1646240.0,13504.0,29946.0,366.0,167638.0,82.41,0.94,0.08055404768580103,December2020,2020,1336101.0,310139.0
26362,2020-12-27,1658639.0,12399.0,30297.0,351.0,155767.0,82.41,0.95,0.07959914745005392,December2020,2020,1350810.0,307829.0
26363,2020-12-28,1672643.0,14004.0,31145.0,848.0,150775.0,82.41,0.96,0.09287950336923648,December2020,2020,1357261.0,315382.0
26364,2020-12-29,1692109.0,19466.0,32267.0,1122.0,145782.0,82.41,0.97,0.13352722882640636,December2020,2020,1391086.0,301023.0
26365,2020-12-30,1741153.0,49044.0,33230.0,963.0,140789.0,82.41,0.99,0.348348604304283,December2020,2020,1423830.0,317323.0
26366,2020-12-31,1760520.0,19367.0,33791.0,561.0,135797.0,82.41,0.96,0.14261623882531407,December2020,2020,1454009.0,306511.0
26367,2021-01-01,1762637.0,2117.0,34145.0,354.0,130804.0,82.41,0.94,0.016184396620924277,January2021,2021,1486839.0,275798.0
26368,2021-01-02,1773540.0,10903.0,34480.0,335.0,125811.0,82.41,0.94,0.0866610498203669,January2021,2021,1508518.0,265022.0
26369,2021-01-03,1783896.0,10356.0,34791.0,311.0,120818.0,82.41,0.95,0.08571499515804633,January2021,2021,1514962.0,268934.0
26370,2021-01-04,1796216.0,12320.0,35748.0,957.0,128689.0,82.41,0.97,0.0957339342606263,January2021,2021,1534218.0,261998.0
26371,2021-01-05,1814565.0,18349.0,36757.0,1009.0,136560.0,85.19,0.99,0.1343648625888797,January2021,2021,1570371.0,244194.0
26372,2021-01-06,1841228.0,26663.0,37835.0,1078.0,144431.0,85.19,1.02,0.18460590450869613,January2021,2021,1604129.0,237099.0
26373,2021-01-07,1886561.0,45333.0,38987.0,1152.0,152302.0,85.19,1.03,0.2976500791185991,January2021,2021,1630596.0,255965.0
26374,2021-01-08,1905638.0,19077.0,40022.0,1035.0,160173.0,85.19,1.0,0.11910172687202666,January2021,2021,1632736.0,272902.0
26375,2021-01-09,1928462.0,22824.0,40597.0,575.0,168044.0,85.19,0.98,0.13582076229581364,January2021,2021,1646240.0,282222.0
26376,2021-01-10,1929410.0,948.0,40936.0,339.0,175915.0,83.33,0.95,0.005388935628368085,January2021,2021,1658639.0,270771.0
26377,2021-01-11,1941116.0,11706.0,41799.0,863.0,175020.0,83.33,0.95,0.066883402563121,January2021,2021,1672643.0,268473.0
26378,2021-01-12,1968326.0,27210.0,42889.0,1090.0,174126.0,83.33,0.95,0.1562652546704417,January2021,2021,1692109.0,276217.0
26379,2021-01-13,1993892.0,25566.0,44096.0,1207.0,173231.0,83.33,0.94,0.14758243280687172,January2021,2021,1741153.0,252739.0
26380,2021-01-14,2015235.0,21343.0,45207.0,1111.0,172336.0,83.33,0.92,0.12384456036718755,January2021,2021,1760520.0,254715.0
26381,2021-01-15,2023828.0,8593.0,45705.0,498.0,171441.0,83.33,0.9,0.050121907117275814,January2021,2021,1762637.0,261191.0
26382,2021-01-16,2038645.0,14817.0,46464.0,759.0,170547.0,83.33,0.89,0.08687876726786593,January2021,2021,1773540.0,265105.0
26383,2021-01-17,2050129.0,11484.0,46901.0,437.0,169652.0,83.33,0.88,0.06769111067885625,January2021,2021,1783896.0,266233.0
26384,2021-01-18,2059382.0,9253.0,47263.0,362.0,168073.0,83.33,0.88,0.05505313135880624,January2021,2021,1796216.0,263166.0
26385,2021-01-19,2071615.0,12233.0,48997.0,1734.0,166494.0,83.33,0.88,0.07347367788822487,January2021,2021,1814565.0,257050.0
26386,2021-01-20,2100618.0,29003.0,50010.0,1013.0,164915.0,83.33,0.89,0.17586528899560988,January2021,2021,1841228.0,259390.0
26387,2021-01-21,2108895.0,8277.0,50876.0,866.0,163336.0,83.33,0.87,0.050674372616124945,January2021,2021,1886561.0,222334.0
26388,2021-01-22,2125261.0,16366.0,51713.0,837.0,161757.0,83.33,0.87,0.10117583056170329,January2021,2021,1905638.0,219623.0
26389,2021-01-23,2137691.0,12430.0,51873.0,160.0,160178.0,83.33,0.85,0.07760068423451263,January2021,2021,1928462.0,209229.0
26390,2021-01-24,2147769.0,10078.0,52296.0,423.0,158599.0,83.33,0.84,0.06354350567465322,January2021,2021,1929410.0,218359.0
26391,2021-01-25,2154656.0,6887.0,53127.0,831.0,159371.0,83.33,0.84,0.04321336244760686,January2021,2021,1941116.0,213540.0
26392,2021-01-26,2164043.0,9387.0,53619.0,492.0,160143.0,83.33,0.85,0.05861599560395644,January2021,2021,1968326.0,195717.0
26393,2021-01-27,2179679.0,15636.0,54498.0,879.0,160915.0,83.33,0.86,0.09716870914017252,January2021,2021,1993892.0,185787.0
26394,2021-01-28,2194562.0,14883.0,55883.0,1385.0,161687.0,83.33,0.86,0.09204764732076592,January2021,2021,2015235.0,179327.0
26395,2021-01-29,2207393.0,12831.0,56286.0,403.0,162459.0,83.33,0.85,0.07897944109319217,January2021,2021,2023828.0,183565.0
26396,2021-01-30,2224911.0,17518.0,57105.0,819.0,163231.0,83.33,0.85,0.10731964320721427,January2021,2021,2038645.0,186266.0
26397,2021-01-31,2225659.0,748.0,57163.0,58.0,164003.0,83.33,0.83,0.004560864369161728,January2021,2021,2050129.0,175530.0
26398,2021-02-01,2232327.0,6668.0,58059.0,896.0,162970.0,83.33,0.83,0.04091525486129434,February2021,2021,2059382.0,172945.0
26399,2021-02-02,2240017.0,7690.0,58992.0,933.0,161937.0,83.33,0.83,0.04748730995813213,February2021,2021,2071615.0,168402.0
26400,2021-02-03,2252504.0,12487.0,59776.0,784.0,160905.0,83.33,0.84,0.0776043155631238,February2021,2021,2100618.0,151886.0
26401,2021-02-04,2265536.0,13032.0,60634.0,858.0,159872.0,83.33,0.85,0.08151470229494662,February2021,2021,2108895.0,156641.0
26402,2021-02-05,2276371.0,10835.0,61324.0,690.0,158839.0,83.33,0.84,0.06821329639889197,February2021,2021,2125261.0,151110.0
26403,2021-02-06,2285003.0,8632.0,61551.0,227.0,157807.0,83.33,0.84,0.054699381526918785,February2021,2021,2137691.0,147312.0
26404,2021-02-07,2291673.0,6670.0,61708.0,157.0,156774.0,83.33,0.83,0.04254504863658109,February2021,2021,2147769.0,143904.0
26405,2021-02-08,2296323.0,4650.0,62191.0,483.0,155945.0,83.33,0.83,0.02981801392789812,February2021,2021,2154656.0,141667.0
26406,2021-02-09,2302051.0,5728.0,63006.0,815.0,155115.0,83.33,0.84,0.03692720286753139,February2021,2021,2164043.0,138008.0
26407,2021-02-10,2311297.0,9246.0,63672.0,666.0,154285.0,83.33,0.85,0.059927666800617035,February2021,2021,2179679.0,131618.0
26408,2021-02-11,2321225.0,9928.0,64224.0,552.0,153456.0,83.33,0.87,0.06469564764070716,February2021,2021,2194562.0,126663.0
26409,2021-02-12,2330422.0,9197.0,64771.0,547.0,152626.0,83.33,0.87,0.060258014636990834,February2021,2021,2207393.0,123029.0
26410,2021-02-13,2336906.0,6484.0,64990.0,219.0,151796.0,83.33,0.87,0.04271494166551381,February2021,2021,2224911.0,111995.0
26411,2021-02-14,2341744.0,4838.0,65107.0,117.0,150967.0,83.33,0.88,0.03204652641619416,February2021,2021,2225659.0,116085.0
26412,2021-02-15,2346876.0,5132.0,65288.0,181.0,151822.0,83.33,0.89,0.033802520039783165,February2021,2021,2232327.0,114549.0
26413,2021-02-16,2352766.0,5890.0,65829.0,541.0,152677.0,83.33,0.91,0.03857792216298354,February2021,2021,2240017.0,112749.0
26414,2021-02-17,2362364.0,9598.0,66732.0,903.0,153532.0,83.33,0.93,0.06251424775129777,February2021,2021,2252504.0,109860.0
26415,2021-02-18,2372209.0,9845.0,67245.0,513.0,154387.0,83.33,0.95,0.06376790942301215,February2021,2021,2265536.0,106673.0
26416,2021-02-19,2381259.0,9050.0,67741.0,496.0,155242.0,83.33,0.95,0.05829570415413255,February2021,2021,2276371.0,104888.0
26417,2021-02-20,2388421.0,7162.0,67883.0,142.0,156097.0,83.33,0.95,0.0458814334584684,February2021,2021,2285003.0,103418.0
26418,2021-02-21,2394515.0,6094.0,67946.0,63.0,156952.0,83.33,0.96,0.038826909966677925,February2021,2021,2291673.0,102842.0
26419,2021-02-22,2399499.0,4984.0,68363.0,417.0,158415.0,81.48,0.97,0.03146146853853146,February2021,2021,2296323.0,103176.0
26420,2021-02-23,2405263.0,5764.0,68785.0,422.0,159877.0,81.48,0.99,0.036052490023643025,February2021,2021,2302051.0,103212.0
26421,2021-02-24,2416037.0,10774.0,69170.0,385.0,161340.0,81.48,1.01,0.06677781840945575,February2021,2021,2311297.0,104740.0
26422,2021-02-25,2427069.0,11032.0,69343.0,173.0,162803.0,81.48,1.02,0.06776246283875088,February2021,2021,2321225.0,105844.0
26423,2021-02-26,2436506.0,9437.0,69939.0,596.0,164265.0,81.48,1.02,0.05744950263596849,February2021,2021,2330422.0,106084.0
26424,2021-02-27,2444177.0,7671.0,70092.0,153.0,165728.0,81.48,1.02,0.04628640732762522,February2021,2021,2336906.0,107271.0
26425,2021-02-28,2450295.0,6118.0,70152.0,60.0,167191.0,81.48,1.02,0.0365926599358821,February2021,2021,2341744.0,108551.0
26426,2021-03-01,2455569.0,5274.0,70514.0,362.0,166507.0,77.78,1.03,0.03167415379441228,March2021,2021,2346876.0,108693.0
26427,2021-03-02,2462061.0,6492.0,70926.0,412.0,165823.0,77.78,1.05,0.03914994210729448,March2021,2021,2352766.0,109295.0
26428,2021-03-03,2472913.0,10852.0,71285.0,359.0,165139.0,77.78,1.07,0.06571393968753785,March2021,2021,2362364.0,110549.0
26429,2021-03-04,2484306.0,11393.0,71554.0,269.0,164455.0,77.78,1.08,0.06927688865106776,March2021,2021,2372209.0,112097.0
26430,2021-03-05,2493887.0,9581.0,71852.0,298.0,163771.0,77.78,1.08,0.05850206384485748,March2021,2021,2381259.0,112628.0
26431,2021-03-06,2502151.0,8264.0,71951.0,99.0,163087.0,77.78,1.08,0.050672029824389286,March2021,2021,2388421.0,113730.0
26432,2021-03-07,2508655.0,6504.0,71984.0,33.0,162404.0,77.78,1.09,0.04004802807795327,March2021,2021,2394515.0,114140.0
26433,2021-03-08,2513784.0,5129.0,72236.0,252.0,129564.12535612535,77.78,1.1,0.039586269730394856,March2021,2021,2399499.0,114285.0
26434,2021-03-09,2520618.0,6834.0,72534.0,298.0,129564.12535612535,77.78,1.12,0.05274567505118316,March2021,2021,2405263.0,115355.0
26435,2021-03-10,2541781.0,21163.0,72858.0,324.0,129564.12535612535,77.78,1.15,0.16333870662981992,March2021,2021,2416037.0,125744.0
26436,2021-03-11,2546526.0,4745.0,73120.0,262.0,129564.12535612535,77.78,1.14,0.03662250923585954,March2021,2021,2427069.0,119457.0
26437,2021-03-12,2559296.0,12770.0,73348.0,228.0,129564.12535612535,77.78,1.15,0.09856047269587488,March2021,2021,2436506.0,122790.0
26438,2021-03-13,2569864.0,10568.0,73369.0,21.0,129564.12535612535,77.78,1.15,0.08156515861002395,March2021,2021,2444177.0,125687.0
26439,2021-03-14,2578842.0,8978.0,73463.0,94.0,129564.12535612535,60.47347087378666,1.1514588859416428,0.06929333781233867,March2021,2021,2450295.0,128547.0
