,date,total_cases,new_cases,total_deaths,new_deaths,new_tests_smoothed,stringency_index,reproduction_rate,positive_rate,month,year
26027,2020-01-27,0.0,0.027319413532284,0.0,0.20727998070038367,0.5598437409400234,0.0,0.3017768607949127,0.0280866064225995,January2020,2020
26028,2020-01-28,0.004314909649167276,0.03940141242798699,0.0,0.20727998070038367,0.5598437409400234,0.0,0.3017768607949127,0.040507896044387426,January2020,2020
26029,2020-01-29,0.004314909649167276,0.0,0.0,0.20727998070038367,0.5598437409400234,0.0,0.3017768607949127,0.0,January2020,2020
26030,2020-01-30,0.004314909649167276,0.0,0.0,0.20727998070038367,0.5598437409400234,0.0,0.3017768607949127,0.0,January2020,2020
26031,2020-01-31,0.005215315928916319,0.027319413532284,0.0,0.20727998070038367,0.5598437409400234,0.0,0.3017768607949127,0.0280866064225995,January2020,2020
26032,2020-02-01,0.00734576425205462,0.03940141242798699,0.0,0.20727998070038367,0.5598437409400234,0.0,0.3017768607949127,0.040507896044387426,February2020,2020
26033,2020-02-02,0.008480205077367969,0.034420304180107456,0.0,0.20727998070038367,0.5598437409400234,0.0,0.3017768607949127,0.03538690665194565,February2020,2020
26034,2020-02-03,0.009471837671477473,0.034420304180107456,0.0,0.20727998070038367,0.5598437409400234,0.0,0.3017768607949127,0.03538690665194565,February2020,2020
26035,2020-02-04,0.009471837671477473,0.0,0.0,0.20727998070038367,0.5598437409400234,0.0,0.3017768607949127,0.0,February2020,2020
26036,2020-02-05,0.009471837671477473,0.0,0.0,0.20727998070038367,0.5598437409400234,0.0,0.3017768607949127,0.0,February2020,2020
26037,2020-02-06,0.009471837671477473,0.0,0.0,0.20727998070038367,0.5598437409400234,0.0,0.3017768607949127,0.0,February2020,2020
26038,2020-02-07,0.009926586041620533,0.027319413532284,0.0,0.20727998070038367,0.5598437409400234,0.0,0.3017768607949127,0.0280866064225995,February2020,2020
26039,2020-02-08,0.009926586041620533,0.0,0.0,0.20727998070038367,0.5598437409400234,0.0,0.3017768607949127,0.0,February2020,2020
26040,2020-02-09,0.010358572634489764,0.027319413532284,0.0,0.20727998070038367,0.5598437409400234,0.0,0.3017768607949127,0.0280866064225995,February2020,2020
26041,2020-02-10,0.010358572634489764,0.0,0.0,0.20727998070038367,0.5598437409400234,0.0,0.3017768607949127,0.0,February2020,2020
26042,2020-02-11,0.011164401765403146,0.034420304180107456,0.0,0.20727998070038367,0.5598437409400234,0.0,0.3017768607949127,0.03538690665194565,February2020,2020
26043,2020-02-12,0.011164401765403146,0.0,0.0,0.20727998070038367,0.5598437409400234,0.17492605560954244,0.3017768607949127,0.0,February2020,2020
26044,2020-02-13,0.011164401765403146,0.0,0.0,0.20727998070038367,0.5598437409400234,0.17492605560954244,0.3017768607949127,0.0,February2020,2020
26045,2020-02-14,0.011164401765403146,0.0,0.0,0.20727998070038367,0.5598437409400234,0.17492605560954244,0.3017768607949127,0.0,February2020,2020
26046,2020-02-15,0.011164401765403146,0.0,0.0,0.20727998070038367,0.5598437409400234,0.17492605560954244,0.3017768607949127,0.0,February2020,2020
26047,2020-02-16,0.011164401765403146,0.0,0.0,0.20727998070038367,0.5598437409400234,0.17492605560954244,0.3017768607949127,0.0,February2020,2020
26048,2020-02-17,0.011164401765403146,0.0,0.0,0.20727998070038367,0.5598437409400234,0.17492605560954244,0.3017768607949127,0.0,February2020,2020
26049,2020-02-18,0.011164401765403146,0.0,0.0,0.20727998070038367,0.5598437409400234,0.17492605560954244,0.3017768607949127,0.0,February2020,2020
26050,2020-02-19,0.011164401765403146,0.0,0.0,0.20727998070038367,0.5598437409400234,0.17492605560954244,0.3017768607949127,0.0,February2020,2020
26051,2020-02-20,0.011164401765403146,0.0,0.0,0.20727998070038367,0.5598437409400234,0.17492605560954244,0.3017768607949127,0.0,February2020,2020
26052,2020-02-21,0.011164401765403146,0.0,0.0,0.20727998070038367,0.5598437409400234,0.17492605560954244,0.3017768607949127,0.0,February2020,2020
26053,2020-02-22,0.011164401765403146,0.0,0.0,0.20727998070038367,0.5598437409400234,0.17492605560954244,0.3017768607949127,0.0,February2020,2020
26054,2020-02-23,0.011164401765403146,0.0,0.0,0.20727998070038367,0.5598437409400234,0.17492605560954244,0.3017768607949127,0.0,February2020,2020
26055,2020-02-24,0.011164401765403146,0.0,0.0,0.20727998070038367,0.5598437409400234,0.17492605560954244,0.3017768607949127,0.0,February2020,2020
26056,2020-02-25,0.011542264138568783,0.027319413532284,0.0,0.20727998070038367,0.5598437409400234,0.17492605560954244,0.3017768607949127,0.0280866064225995,February2020,2020
26057,2020-02-26,0.014691528504109241,0.05885789222527913,0.0,0.20727998070038367,0.5598437409400234,0.29787151879056806,0.3017768607949127,0.06051075920212068,February2020,2020
26058,2020-02-27,0.018974460712254726,0.07289916811166323,0.0,0.20727998070038367,0.5598437409400234,0.29787151879056806,0.3017768607949127,0.07494634688506889,February2020,2020
26059,2020-02-28,0.019350514732942636,0.034420304180107456,0.0,0.20727998070038367,0.5598437409400234,0.34896761194288684,0.3017768607949127,0.03538690665194565,February2020,2020
26060,2020-02-29,0.024173737968065274,0.08582067710499656,0.0,0.20727998070038367,0.5598437409400234,0.4384376104715797,0.3017768607949127,0.08823072200728592,February2020,2020
26061,2020-03-01,0.029866386399021526,0.10131212642201555,0.0,0.20727998070038367,0.5598437409400234,0.4384376104715797,0.3017768607949127,0.10415720737523093,March2020,2020
26062,2020-03-02,0.0324499247121165,0.08393389386310576,0.0,0.20727998070038367,0.5598437409400234,0.4384376104715797,0.957759284655014,0.08629095348856865,March2020,2020
26063,2020-03-03,0.03532420633740251,0.0910343467464289,0.0,0.20727998070038367,0.5598437409400234,0.4384376104715797,0.9663223838048642,0.09359080365996564,March2020,2020
26064,2020-03-04,0.03965851706690086,0.11040430730659354,0.0,0.20727998070038367,0.5598437409400234,0.4384376104715797,0.9832742125229332,0.11350471791847337,March2020,2020
26065,2020-03-05,0.050249397081681045,0.164922128934708,0.0,0.20727998070038367,0.5598437409400234,0.4384376104715797,1.0,0.16955352721215952,March2020,2020
26066,2020-03-06,0.05693217141557329,0.15650347624182773,0.0,0.20727998070038367,0.5598437409400234,0.4384376104715797,0.9860773366755686,0.1608984591041247,March2020,2020
26067,2020-03-07,0.06081784520642723,0.138038831876707,0.0,0.20727998070038367,0.5598437409400234,0.4384376104715797,0.9691637114670328,0.14191528443225396,March2020,2020
26068,2020-03-08,0.06707853705009767,0.17001101215958103,0.0,0.20727998070038367,0.5598437409400234,0.4384376104715797,0.9606202078093733,0.17478531815447512,March2020,2020
26069,2020-03-09,0.07019071800158969,0.14049181016628262,0.0300829516261911,0.29041425820585237,0.5598437409400234,0.49081211788721624,0.9520175783831006,0.1444371480769869,March2020,2020
26070,2020-03-10,0.07593093509040134,0.17893974414995345,0.0300829516261911,0.20727998070038367,0.5598437409400234,0.5446942485652235,0.9548917542731616,0.18396478977710395,March2020,2020
26071,2020-03-11,0.08376361964696365,0.20950620303837844,0.03443638318454387,0.2732637004837823,0.5598437409400234,0.5446942485652235,0.957759284655014,0.2153896261674328,March2020,2020
26072,2020-03-12,0.0863929158598148,0.15134021474380668,0.03443638318454387,0.20727998070038367,0.5598437409400234,0.5446942485652235,0.9606202078093733,0.1555902011731663,March2020,2020
26073,2020-03-13,0.1060132604820869,0.31932996799296165,0.045674779574780465,0.3120226068973255,0.5598437409400234,0.5446942485652235,0.9748270306272686,0.32829749874977565,March2020,2020
26074,2020-03-14,0.11468896250315856,0.26473935282163663,0.04966585885084966,0.29041425820585237,0.5598437409400234,0.5446942485652235,0.949136718348019,0.2721738517002993,March2020,2020
26075,2020-03-15,0.12459777614106558,0.2911162816715384,0.05310164909760912,0.29041425820585237,0.5598437409400234,0.5446942485652235,0.9258444512248789,0.2992915062710549,March2020,2020
26076,2020-03-16,0.13497063369263262,0.31112258402650245,0.06139411649288784,0.32718035671046275,0.5598437409400234,0.6498070242529066,0.9021009322839544,0.319859632287061,March2020,2020
26077,2020-03-17,0.1468930724270421,0.34334037391887373,0.06887276636908773,0.3335022958293623,0.5598437409400234,0.6498070242529066,0.8809375325353939,0.35298217290982026,March2020,2020
26078,2020-03-18,0.162344184456241,0.3970551474096453,0.07250419314542214,0.3120226068973255,0.5598437409400234,0.7488372652567723,0.8562857879002435,0.40820538260030487,March2020,2020
26079,2020-03-19,0.1750955707493399,0.39370743018619203,0.0842936136387909,0.3735485357113211,0.5598437409400234,0.7736085043192895,0.8247349788156302,0.40476365366428,March2020,2020
26080,2020-03-20,0.1915425362897073,0.4519671233154402,0.09697699315631773,0.39492890260016955,0.5598437409400234,0.79755979670325,0.7890211488014032,0.4646594149436701,March2020,2020
26081,2020-03-21,0.19914758032272617,0.3639835477671589,0.10456914140947042,0.37694270466258817,0.5598437409400234,0.8793060598258562,0.7487600715765299,0.37420505525701725,March2020,2020
26082,2020-03-22,0.2070813543314549,0.3785285004496634,0.1085641403961492,0.3494375955790808,0.06297954477319845,0.9434868230268671,0.7140857571644514,0.522582696554236,March2020,2020
26083,2020-03-23,0.21848456203599376,0.44018373751627676,0.11874413019337011,0.4100028732122594,0.06353908542256947,0.9434868230268671,0.6891596190391072,0.6074671337215076,March2020,2020
26084,2020-03-24,0.22823882151569952,0.4311240220208377,0.12880824536124424,0.42104161800286843,0.06410720884198629,0.9434868230268671,0.6599676894750832,0.5947313886370362,March2020,2020
26085,2020-03-25,0.23814161413836313,0.44552065782342737,0.14101528417130488,0.44873458327233,0.06467488751312778,0.9434868230268671,0.6337692529246834,0.6143509435469813,March2020,2020
26086,2020-03-26,0.2518634374642733,0.5128393269987471,0.15374967293286207,0.46702470775833554,0.06523312204097564,0.9434868230268671,0.6069191795881976,0.706908075295201,March2020,2020
26087,2020-03-27,0.2648368689914936,0.5209288844077086,0.1669753960141052,0.48554410391756203,0.065799920846215,0.9434868230268671,0.5753812533294633,0.7177785907852677,March2020,2020
26088,2020-03-28,0.2765004103632086,0.5181844522263664,0.18063687535565212,0.5040708886275718,0.0663572911506074,0.9434868230268671,0.5428669144610438,0.7137231200142987,March2020,2020
26089,2020-03-29,0.28354004186920606,0.447667532146708,0.1935914546519083,0.5135492776472415,0.06692321349137842,0.9434868230268671,0.5050220496930726,0.616356270068001,March2020,2020
26090,2020-03-30,0.29083518767223504,0.4605214639313491,0.20629895037709614,0.5253402842953122,0.07422265191159605,0.9434868230268671,0.4701560508798188,0.6308847400983741,March2020,2020
26091,2020-03-31,0.2979784607192872,0.4647449193106988,0.21931971909518497,0.5415401116883126,0.0814498432791333,0.9434868230268671,0.4431841517225199,0.6335354903067237,March2020,2020
26092,2020-04-01,0.30634189200921896,0.49818552292223806,0.23222361920024373,0.5539312507364167,0.08861526641514161,0.9434868230268671,0.4154522328473498,0.6758219171231687,April2020,2020
26093,2020-04-02,0.3153738491880636,0.520653234090294,0.2469977442975984,0.584606500904084,0.09570309747598871,0.9434868230268671,0.38690437931314703,0.7029227505298024,April2020,2020
26094,2020-04-03,0.3232547340745241,0.5062956251916579,0.2589090165372124,0.5713681402163351,0.10272376849157672,0.9434868230268671,0.3574777886971299,0.6803158472752114,April2020,2020
26095,2020-04-04,0.32911368570395566,0.46505938244156964,0.26987718894727036,0.5720891087516824,0.10967884812208095,0.9434868230268671,0.3219410158270948,0.622000744272828,April2020,2020
26096,2020-04-05,0.3337541454095996,0.43478608676321584,0.27833137978171946,0.5499000564938771,0.11657824306479991,0.9434868230268671,0.2956951183625016,0.5788415433351219,April2020,2020
26097,2020-04-06,0.3374067378768495,0.4047097760853484,0.29098457766093017,0.609199971684327,0.11117714399903766,0.9434868230268671,0.2686701290739082,0.5407436384775313,April2020,2020
26098,2020-04-07,0.34211021745838543,0.4438709480791103,0.30162959853044674,0.5969759092276636,0.10573679741704023,0.9434868230268671,0.2464487722422677,0.5952305155874267,April2020,2020
26099,2020-04-08,0.3481015022728758,0.48609142046493353,0.3173984384209179,0.6646329883388458,0.10025648246396246,0.9434868230268671,0.2294095573492052,0.6542513357759668,April2020,2020
26100,2020-04-09,0.35313841266375123,0.46354606075524707,0.3286175780485776,0.6273387254537337,0.09473545686483442,0.9434868230268671,0.20616272245414402,0.6262324860582752,April2020,2020
26101,2020-04-10,0.35715045613767504,0.433306965677085,0.33520732462664315,0.5654947234774219,0.0891729560395047,0.9434868230268671,0.17619678395023763,0.5875876362872591,April2020,2020
26102,2020-04-11,0.3598523181936348,0.38214628138881335,0.3339507920282104,0.0,0.08356819217050626,0.9434868230268671,0.1576983992832477,0.520187074724092,April2020,2020
26103,2020-04-12,0.3627167481597474,0.3916357114557035,0.34520356076325687,0.6420158480867084,0.0779203532207784,0.9434868230268671,0.13238300136012104,0.5351607301654749,April2020,2020
26104,2020-04-13,0.3648444289346981,0.356280362908589,0.3516322913950302,0.5742350941585616,0.0695225858687556,0.9434868230268671,0.11943010644912411,0.4896569728997245,April2020,2020
26105,2020-04-14,0.3660679501439058,0.2971649297608073,0.35526436300770065,0.5135492776472415,0.06102679447007642,0.9434868230268671,0.10626994328290151,0.4108086541672892,April2020,2020
26106,2020-04-15,0.36925667962705083,0.4105587553353936,0.3727267961135389,0.7344615116444222,0.0524300674486442,0.9434868230268671,0.09960950278725922,0.5709587778165257,April2020,2020
26107,2020-04-16,0.3719804562471066,0.3915913937330827,0.3806567999881426,0.621839942101151,0.04372935234193531,0.9434868230268671,0.09289401576866019,0.5478946617105054,April2020,2020
26108,2020-04-17,0.3753471179919483,0.4225059368757936,0.3898283404218734,0.6489967426203412,0.03492144625366134,0.9434868230268671,0.07929325650449215,0.5948124836090818,April2020,2020
26109,2020-04-18,0.3770938560528871,0.3410184744932587,0.3929973340116315,0.520535011335614,0.02600298546745705,0.9434868230268671,0.06545797258554997,0.48312462352128044,April2020,2020
26110,2020-04-19,0.3787335847448729,0.3348892812514961,0.39669354187072237,0.5389488436640013,0.016970434130345602,0.9434868230268671,0.05844916897595098,0.47749535279585453,April2020,2020
26111,2020-04-20,0.38039377999451984,0.33723629079989564,0.40449711797951504,0.6368887676973092,0.02160644167610193,0.9434868230268671,0.051377784693124706,0.4792583804579137,April2020,2020
26112,2020-04-21,0.38146825681976104,0.2923938242325213,0.40918473499675423,0.5735225581649047,0.026212115343686504,0.9434868230268671,0.04424240380828359,0.41417621368965896,April2020,2020
26113,2020-04-22,0.3835174296683945,0.3635726728049502,0.4157456056094082,0.6207225243867104,0.030797389657170715,0.9434868230268671,0.0370415584280126,0.5133346815771327,April2020,2020
26114,2020-04-23,0.3856514469489326,0.369839784043833,0.42337518949839426,0.6470247665306323,0.035343796779241154,0.9434868230268671,0.0370415584280126,0.5205133078175377,April2020,2020
26115,2020-04-24,0.3872447296989789,0.3365776244927109,0.4280073968739903,0.583256483923494,0.03986130770856677,0.9434868230268671,0.02977372603535211,0.4721995077675292,April2020,2020
26116,2020-04-25,0.3885253301475884,0.31369914171814467,0.4308859604441673,0.5300045888661165,0.0443503772618441,0.9434868230268671,0.022437326655270873,0.4387212696957831,April2020,2020
26117,2020-04-26,0.3895822896956186,0.2948377791969352,0.4332919725318139,0.5125249579660831,0.048811448908947064,0.9434868230268671,0.015030719830241956,0.4110610341693064,April2020,2020
26118,2020-04-27,0.39040912440836256,0.2720969582994792,0.4368873241676168,0.5578708069722473,0.04203966051481989,0.9434868230268671,0.007552201390247815,0.3811545412695014,April2020,2020
26119,2020-04-28,0.391370548805754,0.2865541098889846,0.44131156223300966,0.5852779018221259,0.03521242573306105,0.9434868230268671,0.007552201390247815,0.40333414384539523,April2020,2020
26120,2020-04-29,0.39271821444228366,0.3213171377901915,0.4448477522126296,0.5601926681890859,0.028309492909582845,0.9434868230268671,0.007552201390247815,0.45447126608674077,April2020,2020
26121,2020-04-30,0.3939280752879981,0.31063030063453295,0.4483963118872024,0.5624843732308085,0.021338520683237494,0.9434868230268671,0.007552201390247815,0.44153169636781725,April2020,2020
26122,2020-05-01,0.39480252170332464,0.2792512481819983,0.45093208710990373,0.526284088947864,0.014297807259383566,0.9434868230268671,0.0,0.3989247647779259,May2020,2020
26123,2020-05-02,0.3955283329160853,0.2627854856492583,0.4526216532096103,0.4867753771357698,0.007185581699791221,0.9434868230268671,0.0,0.3773186901705982,May2020,2020
26124,2020-05-03,0.39609492845467886,0.2422231409739768,0.4538145122773507,0.45668281321678983,0.0,0.9336756460618865,0.0,0.34959719532782985,May2020,2020
26125,2020-05-04,0.3964906814181692,0.21508558882767873,0.4565954957045872,0.5389488436640013,0.011556714064148599,0.9069583060986175,0.0,0.30786336624513455,May2020,2020
26126,2020-05-05,0.3971821959960999,0.25929456295927045,0.4565954957045872,0.20727998070038367,0.02291587305258691,0.9069583060986175,0.015030719830241956,0.36815022687298643,May2020,2020
26127,2020-05-06,0.39811260971550266,0.28663685725422183,0.46265235733261045,0.6399795846639931,0.034104189311718214,0.8650253703790065,0.022437326655270873,0.4037654112655727,May2020,2020
26128,2020-05-07,0.3991291580175408,0.29569532383875263,0.46511937716517915,0.5300045888661165,0.045109704589134436,0.8505535937125468,0.02977372603535211,0.41332279875217437,May2020,2020
26129,2020-05-08,0.40005309839904585,0.2868848131367382,0.4675812551987856,0.5309214250653864,0.05594852848631304,0.8505535937125468,0.02977372603535211,0.3979936647460324,May2020,2020
26130,2020-05-09,0.40063816371588357,0.24665919522451063,0.46838925312620466,0.43104472628248536,0.06663581597079338,0.8505535937125468,0.022437326655270873,0.33967175258918586,May2020,2020
26131,2020-05-10,0.4010782402435763,0.2245100051248297,0.46880253189809395,0.3863873520889028,0.07715928654810922,0.8505535937125468,0.022437326655270873,0.3069470448162055,May2020,2020
26132,2020-05-11,0.4016295730566902,0.2422231409739768,0.47069429470350016,0.5051540767248022,0.08543535572083916,0.8505535937125468,0.02977372603535211,0.3293018669802806,May2020,2020
26133,2020-05-12,0.40209904969452204,0.229779013546169,0.47226600891204923,0.48799589653279823,0.09361071455681169,0.8505535937125468,0.02977372603535211,0.31065833916415203,May2020,2020
26134,2020-05-13,0.40282834825844366,0.2663777523697474,0.4747551802742183,0.5354295450884252,0.10170529151623531,0.8505535937125468,0.0370415584280126,0.35818016456646984,May2020,2020
26135,2020-05-14,0.40312655750102805,0.19787878615741233,0.4752177480982281,0.39492890260016955,0.10971274107372264,0.8505535937125468,0.0370415584280126,0.26464999593865046,May2020,2020
26136,2020-05-15,0.4037177698904938,0.24876370855300842,0.4754788016358483,0.36242978985193525,0.11763537056961026,0.8505535937125468,0.04424240380828359,0.3309525156338678,May2020,2020
26137,2020-05-16,0.4041231952322816,0.2195468235543199,0.47630025240375684,0.4348061808420819,0.12546709379297805,0.8282757706792598,0.051377784693124706,0.290569482976105,May2020,2020
26138,2020-05-17,0.4046041377678844,0.23257681925029186,0.47677978985566344,0.3976099637101659,0.1332267101932343,0.8282757706792598,0.05844916897595098,0.30624267779231373,May2020,2020
26139,2020-05-18,0.40474578984846143,0.15482051273069194,0.47759677525360134,0.4348061808420819,0.12051395454353142,0.8282757706792598,0.05844916897595098,0.20557801387575347,May2020,2020
26140,2020-05-19,0.4056982426353874,0.2924733006768357,0.4791433692038939,0.48920589388364444,0.10759147297047988,0.813076397931684,0.07929325650449215,0.3917194658167513,May2020,2020
26141,2020-05-20,0.4062357900508172,0.24199123739421552,0.48038529166269245,0.4698329765083317,0.09443280970643753,0.813076397931684,0.07240556198242665,0.32698746112165844,May2020,2020
26142,2020-05-21,0.4066586572229252,0.22356212288648142,0.481542567467488,0.4641543653231401,0.08104481548375664,0.813076397931684,0.07240556198242665,0.3048417103045654,May2020,2020
26143,2020-05-22,0.4071891050099695,0.2412928461011456,0.482031264895777,0.4002175477803085,0.06739896572016746,0.813076397931684,0.06545797258554997,0.33210736367611854,May2020,2020
26144,2020-05-23,0.40740121174196847,0.17787205916246082,0.4826748321018354,0.41892502712645957,0.053501133624936914,0.813076397931684,0.06545797258554997,0.24718036088879394,May2020,2020
26145,2020-05-24,0.40766373904840175,0.19104986747362904,0.4831029253037087,0.3921689587164106,0.039320343740279595,0.813076397931684,0.06545797258554997,0.26813394833361437,May2020,2020
26146,2020-05-25,0.4078722958198703,0.17700858896633404,0.48360787747261197,0.4027564911375957,0.04907841645501643,0.813076397931684,0.06545797258554997,0.24673839366513967,May2020,2020
26147,2020-05-26,0.40833160820771414,0.2304208577001497,0.48482706215484006,0.4698329765083317,0.05870557853862168,0.813076397931684,0.07929325650449215,0.31905160259587395,May2020,2020
26148,2020-05-27,0.4085792154111577,0.18763753061165833,0.4859056576166391,0.45972461095834094,0.0682061341851623,0.813076397931684,0.07929325650449215,0.25811466535398786,May2020,2020
26149,2020-05-28,0.40909183337522737,0.23929178891029995,0.4867114727870797,0.43664114879619853,0.07757531640260384,0.813076397931684,0.08612233057299146,0.3270635183017326,May2020,2020
26150,2020-05-29,0.4096442293495482,0.24553698136296043,0.4873618504698633,0.42104161800286843,0.08683480988670156,0.813076397931684,0.08612233057299146,0.33348989986239974,May2020,2020
26151,2020-05-30,0.4098470156043656,0.17591726289695858,0.48785802937438955,0.4027564911375957,0.09597933424004057,0.813076397931684,0.07929325650449215,0.2374578560134254,May2020,2020
26152,2020-05-31,0.4100147159075337,0.16517163329233006,0.4880485989364958,0.3494375955790808,0.1050123930848732,0.813076397931684,0.07929325650449215,0.22160259801789664,May2020,2020
26153,2020-06-01,0.41015423694818615,0.15538555610674495,0.48833417454229133,0.3700098271394397,0.09348082653427991,0.813076397931684,0.07929325650449215,0.21009776008022968,June2020,2020
26154,2020-06-02,0.4103701590076706,0.17978480860563062,0.4884863450579769,0.3392474202671809,0.08176666568804558,0.813076397931684,0.09289401576866019,0.2450279073001078,June2020,2020
26155,2020-06-03,0.4105533282646714,0.17024583429803028,0.4892268222275632,0.43104472628248536,0.06986250607115863,0.813076397931684,0.09960950278725922,0.23392420111395115,June2020,2020
26156,2020-06-04,0.4108187143791856,0.19271125405994172,0.48985163366290085,0.41892502712645957,0.05776954443303772,0.813076397931684,0.11943010644912411,0.2670100742571263,June2020,2020
26157,2020-06-05,0.41115996974729824,0.20966093441149153,0.49028616750592996,0.39492890260016955,0.04546131495753536,0.813076397931684,0.13238300136012104,0.29299199177312063,June2020,2020
26158,2020-06-06,0.41155639499590363,0.22052946309607543,0.4905691446941777,0.3700098271394397,0.032937735236508336,0.813076397931684,0.145136601155069,0.3108998486899513,June2020,2020
26159,2020-06-07,0.41178215745364594,0.1828851559543162,0.4907952916178513,0.3583449883257926,0.020189130951724366,0.813076397931684,0.145136601155069,0.2601664587172834,June2020,2020
26160,2020-06-08,0.41205200059724384,0.1941643626836007,0.4909835883144826,0.3494375955790808,0.017374782079728535,0.813076397931684,0.1514410247356901,0.2767657181657386,June2020,2020
26161,2020-06-09,0.4123500027748253,0.200786668716685,0.4917540989225298,0.4348061808420819,0.01454910148066757,0.813076397931684,0.1576983992832477,0.28678262221808065,June2020,2020
26162,2020-06-10,0.41236200406925255,0.06884060836021491,0.4920541320042408,0.3735485357113211,0.011721677021127697,0.813076397931684,0.1576983992832477,0.09852357213025145,June2020,2020
26163,2020-06-11,0.4124887258521613,0.15104288546176953,0.49242865957463205,0.3863873520889028,0.008873026484924829,0.813076397931684,0.17619678395023763,0.2166115451634604,June2020,2020
26164,2020-06-12,0.4128893829753459,0.22178012951326895,0.4926344071298266,0.3540264598003669,0.006012694697508092,0.813076397931684,0.19430151089170167,0.31870970679046695,June2020,2020
26165,2020-06-13,0.4129200560362491,0.09420327273916694,0.4928213013421979,0.3494375955790808,0.0031405611661097232,0.813076397931684,0.20616272245414402,0.13565490524214202,June2020,2020
26166,2020-06-14,0.41310773748727886,0.17233068431491144,0.49297071471440007,0.3392474202671809,0.0002565033969463837,0.813076397931684,0.2294095573492052,0.2486763980140909,June2020,2020
26167,2020-06-15,0.4132302755581941,0.1495383742450008,0.49308271533502396,0.32718035671046275,0.011614940730297452,0.813076397931684,0.257628680548335,0.2140332593348225,June2020,2020
26168,2020-06-16,0.4136556156941542,0.22651466481355498,0.49332520895432697,0.36242978985193525,0.022782174167434777,0.813076397931684,0.2849818414609586,0.3216393631805137,June2020,2020
26169,2020-06-17,0.41391785322054003,0.19289409217156628,0.4939025029572295,0.41455996140076734,0.03377514233800305,0.813076397931684,0.30628381521672643,0.27177945864320235,June2020,2020
26170,2020-06-18,0.41481903804540293,0.29135667507695195,0.4943485151674982,0.3976099637101659,0.044600488677129624,0.8432533846680901,0.32710154775351574,0.40740317567964984,June2020,2020
26171,2020-06-19,0.41517606866425044,0.2142004529337894,0.49457121978830604,0.3583449883257926,0.05527358561482809,0.8432533846680901,0.31153256491428394,0.29729820261865186,June2020,2020
26172,2020-06-20,0.41545046814763376,0.1963040871626,0.4947195781817826,0.3392474202671809,0.06578193403354549,0.8432533846680901,0.30100481294197534,0.27048724058433044,June2020,2020
26173,2020-06-21,0.4158949637560957,0.23067659693080622,0.4947195781817826,0.20727998070038367,0.07614034240371592,0.8432533846680901,0.2956951183625016,0.31559767345906364,June2020,2020
26174,2020-06-22,0.4162604924329017,0.21625455520163236,0.49479372402247945,0.3120226068973255,0.09189435319333095,0.8432533846680901,0.2849818414609586,0.2927129383187883,June2020,2020
26175,2020-06-23,0.41678410282182365,0.2439484351650217,0.4950715732071211,0.3700098271394397,0.10731951538556661,0.8432533846680901,0.27414025421907207,0.326787951994357,June2020,2020
26176,2020-06-24,0.417071098203917,0.19977000993573285,0.49533061803032524,0.36631013249784794,0.12242413978756983,0.8432533846680901,0.257628680548335,0.2649282215177362,June2020,2020
26177,2020-06-25,0.41743753538740597,0.21683432890150942,0.49555244099684626,0.3583449883257926,0.13724038303406805,0.8432533846680901,0.2520563051572111,0.28476174214084454,June2020,2020
26178,2020-06-26,0.4179239194119717,0.23845801285083595,0.49601393543471317,0.4002175477803085,0.15177390864050344,0.8432533846680901,0.24080552195530047,0.31020021337361814,June2020,2020
26179,2020-06-27,0.4182319960248005,0.20491583609639863,0.49606925708757377,0.3024449722052748,0.16602995988439417,0.8432533846680901,0.223655649243663,0.26411840824668315,June2020,2020
26180,2020-06-28,0.4184033621011863,0.16858825916298723,0.49606925708757377,0.20727998070038367,0.18003658135118528,0.8432533846680901,0.21203287765158652,0.21535216426684595,June2020,2020
26181,2020-06-29,0.4186576046775366,0.19234453337537843,0.4962167212035985,0.3392474202671809,0.1863414244944568,0.8432533846680901,0.20616272245414402,0.24471301087386133,June2020,2020
26182,2020-06-30,0.4189311772882904,0.19718202409880095,0.49647457271228695,0.36631013249784794,0.1926037194172856,0.8432533846680901,0.20616272245414402,0.24987253099563542,June2020,2020
26183,2020-07-01,0.41927627977285825,0.21315846065946503,0.49656659765836353,0.32011055440225067,0.1988091789223667,0.8432533846680901,0.20616272245414402,0.26906063218960136,July2020,2020
26184,2020-07-02,0.4196222743800646,0.21345721152086025,0.4967689325664504,0.3540264598003669,0.204966425406941,0.8432533846680901,0.20025249716265314,0.2683951215482821,July2020,2020
26185,2020-07-03,0.4199192226638699,0.20295479870379615,0.4968424680471436,0.3120226068973255,0.21108381630064366,0.8432533846680901,0.20025249716265314,0.25421235400820374,July2020,2020
26186,2020-07-04,0.4202215407435563,0.2042663362209394,0.4970262115801838,0.3494375955790808,0.21714732961798244,0.8432533846680901,0.19430151089170167,0.2548875555491622,July2020,2020
26187,2020-07-05,0.4204563015842183,0.1878303750748386,0.49708130815657786,0.3024449722052748,0.22316532487246898,0.8432533846680901,0.19430151089170167,0.23350202838451736,July2020,2020
26188,2020-07-06,0.4208465176418329,0.22260613389549844,0.4970629439882386,0.14129626091698505,0.22326048622814398,0.8432533846680901,0.19430151089170167,0.27671728015889635,July2020,2020
26189,2020-07-07,0.4210474789405121,0.17851420212946426,0.4972465246460836,0.3494375955790808,0.22334831749273376,0.7736085043192895,0.1883090534969032,0.22189536321034295,July2020,2020
26190,2020-07-08,0.421303629214563,0.19362200130347576,0.4975033100604104,0.36631013249784794,0.22343613917268113,0.7736085043192895,0.19430151089170167,0.24066141362939852,July2020,2020
26191,2020-07-09,0.4215206854788259,0.183290667605576,0.4977048842255535,0.3540264598003669,0.2235312685129871,0.7736085043192895,0.19430151089170167,0.2278066754505527,July2020,2020
26192,2020-07-10,0.4217583327982683,0.18897921327208692,0.4978147649851068,0.32718035671046275,0.2236190702333256,0.7736085043192895,0.20025249716265314,0.23486399421833576,July2020,2020
26193,2020-07-11,0.4220286863860558,0.19735667611579297,0.49794289792777424,0.3335022958293623,0.22370686237707926,0.7736085043192895,0.20616272245414402,0.24526215761733147,July2020,2020
26194,2020-07-12,0.4221791337003594,0.16238446183115698,0.4979611972515174,0.2732637004837823,0.22379464494685908,0.7736085043192895,0.21203287765158652,0.20178994090890234,July2020,2020
26195,2020-07-13,0.4223659714493999,0.17458953483040177,0.49801608715465734,0.3024449722052748,0.22836075714488668,0.7736085043192895,0.223655649243663,0.21634322983240445,July2020,2020
26196,2020-07-14,0.4225633704130343,0.17787205916246082,0.4980892548758533,0.3120226068973255,0.2328939549676079,0.7736085043192895,0.24080552195530047,0.2197936768410956,July2020,2020
26197,2020-07-15,0.42287340698505116,0.2068400410308877,0.49812583067675403,0.29041425820585237,0.23740910226747491,0.7736085043192895,0.257628680548335,0.25487818708282123,July2020,2020
26198,2020-07-16,0.42327279506960935,0.22518219477998602,0.49825380370013805,0.3335022958293623,0.2418921226224804,0.7736085043192895,0.27414025421907207,0.27671622395639406,July2020,2020
26199,2020-07-17,0.42369633474339363,0.229779013546169,0.4982720801950448,0.2732637004837823,0.24635770374351273,0.7736085043192895,0.2849818414609586,0.2815926975382412,July2020,2020
26200,2020-07-18,0.42396710597268883,0.19805221200092046,0.49832690163681137,0.3024449722052748,0.25079191249309196,0.7736085043192895,0.2849818414609586,0.24205427068839877,July2020,2020
26201,2020-07-19,0.42418645842735647,0.1846960178417459,0.49834517277056817,0.2732637004837823,0.2552092657288314,0.7736085043192895,0.2903542814342652,0.22512320076106698,July2020,2020
26202,2020-07-20,0.42460466844997696,0.2291335634788663,0.49838171101930756,0.29041425820585237,0.2569878257559637,0.7736085043192895,0.30100481294197534,0.2789851656681441,July2020,2020
26203,2020-07-21,0.4248820828845138,0.19994017186633137,0.4984730332097597,0.32011055440225067,0.2587625439341086,0.7736085043192895,0.30628381521672643,0.24317765453297344,July2020,2020
26204,2020-07-22,0.4252770666202733,0.22504807789609768,0.4985278104665974,0.3024449722052748,0.26054043298171514,0.7736085043192895,0.31675149176807227,0.2734196882033867,July2020,2020
26205,2020-07-23,0.42570374236533587,0.23105914588523538,0.49867382433171364,0.3392474202671809,0.2623075143419915,0.7736085043192895,0.3219410158270948,0.28042185904583455,July2020,2020
26206,2020-07-24,0.42622589198737043,0.24732765159655773,0.4988562215039155,0.3494375955790808,0.26407081544236344,0.7736085043192895,0.32710154775351574,0.29984519449261854,July2020,2020
26207,2020-07-25,0.4266857763768472,0.23725669266060853,0.4989291430400374,0.3120226068973255,0.2658373037092636,0.7736085043192895,0.32710154775351574,0.2873282103140619,July2020,2020
26208,2020-07-26,0.42695843794418453,0.1994288136953161,0.4989291430400374,0.20727998070038367,0.2675930898332626,0.7736085043192895,0.32710154775351574,0.24126058971470876,July2020,2020
26209,2020-07-27,0.4272699323147381,0.20857297818080336,0.49894737009383067,0.2732637004837823,0.27219041116016673,0.7736085043192895,0.32710154775351574,0.25162334661061814,July2020,2020
26210,2020-07-28,0.4276857284354852,0.229779013546169,0.49905670446132583,0.32718035671046275,0.276755527588886,0.7736085043192895,0.33733723262821136,0.27644542865133925,July2020,2020
26211,2020-07-29,0.428270688788743,0.2576669355250881,0.4991295674334108,0.3120226068973255,0.28130253559451046,0.7736085043192895,0.3424131624864293,0.30915188127482457,July2020,2020
26212,2020-07-30,0.4289582196275877,0.27218872793824145,0.4992934313872164,0.34453164880662107,0.28582488007513174,0.7736085043192895,0.34746165455100586,0.32569202282251103,July2020,2020
26213,2020-07-31,0.4295570848857913,0.26020119468181135,0.4993480288104386,0.3024449722052748,0.2903161469538491,0.79755979670325,0.3424131624864293,0.3105140697456002,July2020,2020
26214,2020-08-01,0.42997614476503476,0.23118638112344098,0.49947537638961426,0.3335022958293623,0.29479018840697147,0.79755979670325,0.33733723262821136,0.27515462824259457,August2020,2020
26215,2020-08-02,0.4301246282823406,0.1636631322872962,0.49947537638961426,0.20727998070038367,0.29924054006516054,0.79755979670325,0.33223348910869266,0.19427512318134676,August2020,2020
26216,2020-08-03,0.4307388998408584,0.2628838703404604,0.49947537638961426,0.20727998070038367,0.31679809970898587,0.79755979670325,0.3424131624864293,0.308837201763164,August2020,2020
26217,2020-08-04,0.431231964701182,0.24451814399527802,0.49963901363285695,0.34453164880662107,0.3340073158667485,0.79755979670325,0.34746165455100586,0.2843872953476266,August2020,2020
26218,2020-08-05,0.4321128668641651,0.29701091836770677,0.49992965991611604,0.3735485357113211,0.3508789272441788,0.79755979670325,0.3524830766278806,0.3420840369900438,August2020,2020
26219,2020-08-06,0.43274548212256797,0.2662819330260956,0.49996596694699397,0.29041425820585237,0.3674228539048052,0.79755979670325,0.34746165455100586,0.30379841417141207,August2020,2020
26220,2020-08-07,0.4335333625866744,0.28680220880935686,0.5002199686431636,0.36631013249784794,0.3836664331939441,0.813076397931684,0.34746165455100586,0.32420674582047293,August2020,2020
26221,2020-08-08,0.43401342448291497,0.243376052876082,0.5003287475894312,0.32718035671046275,0.3996172011410455,0.7896344128875563,0.33733723262821136,0.2726596900132646,August2020,2020
26222,2020-08-09,0.4342744057348701,0.19874289662164824,0.5003468728157763,0.2732637004837823,0.41528216467629875,0.7896344128875563,0.33733723262821136,0.22072005127569502,August2020,2020
26223,2020-08-10,0.43509938056145725,0.29191605569476986,0.5003649967290321,0.2732637004837823,0.4331973760677914,0.7896344128875563,0.3424131624864293,0.3210041209224722,August2020,2020
26224,2020-08-11,0.4357948340200179,0.276077663753414,0.5004555966072939,0.32011055440225067,0.45076093652580895,0.7896344128875563,0.34746165455100586,0.30068487753855305,August2020,2020
26225,2020-08-12,0.4366805280071512,0.299607699956987,0.500546163693966,0.32011055440225067,0.46799491288064754,0.7896344128875563,0.34746165455100586,0.3232792769938619,August2020,2020
26226,2020-08-13,0.43763144407191934,0.30721180798493375,0.500618593773289,0.3120226068973255,0.4849143448804518,0.7896344128875563,0.3424131624864293,0.32848678216627447,August2020,2020
26227,2020-08-14,0.43863677788275585,0.3134226328558486,0.5008538469064924,0.36242978985193525,0.5015332033705509,0.7896344128875563,0.33733723262821136,0.33217741634348225,August2020,2020
26228,2020-08-15,0.4390993041890119,0.2422231409739768,0.5009442700618975,0.32011055440225067,0.5178697218820001,0.7896344128875563,0.32710154775351574,0.25451488443541087,August2020,2020
26229,2020-08-16,0.43944308894631684,0.2195468235543199,0.5009442700618975,0.20727998070038367,0.5339254799297675,0.7896344128875563,0.3219410158270948,0.22875889229890448,August2020,2020
26230,2020-08-17,0.4405608679205923,0.32560446979607754,0.5009623507762011,0.2732637004837823,0.5509103540763005,0.7896344128875563,0.32710154775351574,0.3362919492662228,August2020,2020
26231,2020-08-18,0.4414941189720194,0.3070677123690549,0.5010527347767869,0.32011055440225067,0.5675975213817441,0.7896344128875563,0.32710154775351574,0.3144380611114617,August2020,2020
26232,2020-08-19,0.4425319012302958,0.31859510563654125,0.5011972813889025,0.3392474202671809,0.5840092948621651,0.7896344128875563,0.3219410158270948,0.3235245787834014,August2020,2020
26233,2020-08-20,0.44356491751889776,0.31859510563654125,0.5014500375262474,0.36631013249784794,0.6001521122736577,0.7896344128875563,0.31153256491428394,0.3208953617858331,August2020,2020
26234,2020-08-21,0.444690881389676,0.3284011315698754,0.5015041664167289,0.3024449722052748,0.6160367290578812,0.7896344128875563,0.30100481294197534,0.3281480506159394,August2020,2020
26235,2020-08-22,0.4452282219151545,0.2569483387465889,0.50161238915777,0.32718035671046275,0.6316732285713214,0.7896344128875563,0.2849818414609586,0.25476078170552746,August2020,2020
26236,2020-08-23,0.44563618682675654,0.2345700761042717,0.5016664830209261,0.3024449722052748,0.6470664922064591,0.7896344128875563,0.27957732674421587,0.23081231164571545,August2020,2020
26237,2020-08-24,0.4466820622705641,0.32138295449375087,0.5016845117165148,0.2732637004837823,0.656307136901298,0.813076397931684,0.27957732674421587,0.3148037798699925,August2020,2020
26238,2020-08-25,0.4476165667710419,0.30999506307306207,0.5017746357639601,0.32011055440225067,0.6654649173897067,0.813076397931684,0.27414025421907207,0.3022936632240968,August2020,2020
26239,2020-08-26,0.4485256325652737,0.30757145688274634,0.5018467116992732,0.3120226068973255,0.6745416667347837,0.813076397931684,0.2686701290739082,0.2986092052478893,August2020,2020
26240,2020-08-27,0.4495159281391368,0.31691223511338595,0.5019367775145055,0.32011055440225067,0.6835391539687061,0.813076397931684,0.26316644435407466,0.30634029101033083,August2020,2020
26241,2020-08-28,0.45049816725179453,0.31650567631537957,0.5019367775145055,0.20727998070038367,0.6924590871284464,0.813076397931684,0.2520563051572111,0.3046344255201676,August2020,2020
26242,2020-08-29,0.45094462215074205,0.24360532861494505,0.5020988145786555,0.34453164880662107,0.7013031161106447,0.813076397931684,0.2464487722422677,0.23347501433672524,August2020,2020
26243,2020-08-30,0.4512401007903144,0.21240789648457983,0.5021168122421084,0.2732637004837823,0.7100728353585566,0.813076397931684,0.24080552195530047,0.2027232804310606,August2020,2020
26244,2020-08-31,0.45217870304900404,0.31252059239556934,0.5021707974927385,0.3024449722052748,0.702946535238681,0.813076397931684,0.2464487722422677,0.2992888227517413,August2020,2020
26245,2020-09-01,0.4529364379476521,0.29135667507695195,0.5022427597761717,0.3120226068973255,0.6957669092855838,0.813076397931684,0.2464487722422677,0.27998315300587723,September2020,2020
26246,2020-09-02,0.4538054125915218,0.3053279146204082,0.5025124348493478,0.3700098271394397,0.6885374212975159,0.813076397931684,0.2520563051572111,0.294431390060148,September2020,2020
26247,2020-09-03,0.45469154991242067,0.3077150812122275,0.5025124348493478,0.20727998070038367,0.6812616322972207,0.79755979670325,0.2520563051572111,0.2977776160156872,September2020,2020
26248,2020-09-04,0.45558293290475044,0.3087167183938092,0.5026022622501475,0.32011055440225067,0.6739298025112379,0.7232661026083698,0.2520563051572111,0.2998101125153194,September2020,2020
26249,2020-09-05,0.45606025932654415,0.25094118216044875,0.5026381842216274,0.29041425820585237,0.6665499109607993,0.7232661026083698,0.2520563051572111,0.24457755428644457,September2020,2020
26250,2020-09-06,0.45647212464513864,0.23905416036381902,0.5026561432821052,0.2732637004837823,0.6591120387975249,0.7232661026083698,0.257628680548335,0.23383925503498748,September2020,2020
26251,2020-09-07,0.45763491815643104,0.33824919740262793,0.5026741010593804,0.2732637004837823,0.6679124060796993,0.7232661026083698,0.2686701290739082,0.3294528522507067,September2020,2020
26252,2020-09-08,0.4584468877675679,0.300513548855124,0.5027638707057382,0.32011055440225067,0.6766335507384873,0.7232661026083698,0.2686701290739082,0.29146109264182585,September2020,2020
26253,2020-09-09,0.4593440161610898,0.31105235319250774,0.5028715519835449,0.32718035671046275,0.6852859895403094,0.7232661026083698,0.27414025421907207,0.300422339288926,September2020,2020
26254,2020-09-10,0.4603827019258093,0.32707232633102246,0.5029253753331997,0.3024449722052748,0.6938623626347524,0.7232661026083698,0.27957732674421587,0.31459237429162773,September2020,2020
26255,2020-09-11,0.46133861412398425,0.31859510563654125,0.5029791871649107,0.3024449722052748,0.7023729367026703,0.7232661026083698,0.27957732674421587,0.30518994059454546,September2020,2020
26256,2020-09-12,0.46198852517854144,0.2804661539306551,0.5030509183677037,0.3120226068973255,0.7108104004779208,0.7232661026083698,0.27957732674421587,0.2675843129958207,September2020,2020
26257,2020-09-13,0.4625397173251365,0.26570556340351625,0.5030867762991366,0.29041425820585237,0.7191805078930791,0.7232661026083698,0.27957732674421587,0.2524938697939191,September2020,2020
26258,2020-09-14,0.46342669475496334,0.3116832927574725,0.5031226291196897,0.29041425820585237,0.7191291764689283,0.7232661026083698,0.2903542814342652,0.2961926672005566,September2020,2020
26259,2020-09-15,0.464492609972853,0.3318313194009773,0.5033197283570715,0.3540264598003669,0.7190821204644642,0.7232661026083698,0.2956951183625016,0.31534638734495984,September2020,2020
26260,2020-09-16,0.4655909493345223,0.3356752672823718,0.5034271719996471,0.32718035671046275,0.7190307842422283,0.7232661026083698,0.30100481294197534,0.3190071518489878,September2020,2020
26261,2020-09-17,0.466874646551023,0.35417979494126695,0.5034808766268948,0.3024449722052748,0.718979445516198,0.7232661026083698,0.30628381521672643,0.3366010367447219,September2020,2020
26262,2020-09-18,0.4681631185691806,0.3552601121240616,0.5036598093580816,0.3494375955790808,0.7189281042860693,0.7232661026083698,0.30100481294197534,0.3376359695202182,September2020,2020
26263,2020-09-19,0.4691457150844602,0.3250907959479677,0.5036955806514802,0.29041425820585237,0.718876760551536,0.7232661026083698,0.2956951183625016,0.3089708623524082,September2020,2020
26264,2020-09-20,0.4697461039689767,0.27616680733847687,0.5037313468648115,0.29041425820585237,0.7188254143122925,0.7232661026083698,0.2956951183625016,0.2624792180855341,September2020,2020
26265,2020-09-21,0.4706701752159183,0.31919660820798346,0.5037313468648115,0.20727998070038367,0.7251265542573433,0.7232661026083698,0.2956951183625016,0.3024709399561714,September2020,2020
26266,2020-09-22,0.4717386776581776,0.33549421262627466,0.5039994317194978,0.3700098271394397,0.7313945345960702,0.7232661026083698,0.30100481294197534,0.31697355690107204,September2020,2020
26267,2020-09-23,0.4726654223453936,0.320392859018982,0.5043207575519815,0.38020624648061696,0.7376214236458265,0.7232661026083698,0.30628381521672643,0.3018183552314816,September2020,2020
26268,2020-09-24,0.4739927000963516,0.3617121404224346,0.5045525718073891,0.36242978985193525,0.743816190890447,0.7232661026083698,0.31153256491428394,0.3397512068038894,September2020,2020
26269,2020-09-25,0.4753382191759724,0.3640348419543891,0.5048197853791123,0.3700098271394397,0.7499709784648967,0.7232661026083698,0.31153256491428394,0.3409477102697841,September2020,2020
26270,2020-09-26,0.4760822484540713,0.2992286412273836,0.5049621836900754,0.3392474202671809,0.7560946337452845,0.7232661026083698,0.31153256491428394,0.2794504455347686,September2020,2020
26271,2020-09-27,0.47682343089832935,0.2991527141393163,0.5050511418667608,0.32011055440225067,0.76218347940335,0.7232661026083698,0.31675149176807227,0.2785877387559278,September2020,2020
26272,2020-09-28,0.47811184310250815,0.36019933761720624,0.5051222858516244,0.3120226068973255,0.7545111481273181,0.7232661026083698,0.32710154775351574,0.3366399723933029,September2020,2020
26273,2020-09-29,0.4791412434736875,0.334768032406267,0.5053888974739413,0.3700098271394397,0.7467875912468547,0.7232661026083698,0.33733723262821136,0.31400494140658175,September2020,2020
26274,2020-09-30,0.4805007452780774,0.36789164532286595,0.5056019844170666,0.3583449883257926,0.7390076916177912,0.7232661026083698,0.34746165455100586,0.3463373789548849,September2020,2020
26275,2020-10-01,0.48195427758818243,0.37690880167730834,0.505850359058996,0.36631013249784794,0.7311704103179111,0.7232661026083698,0.3524830766278806,0.35613958407938556,October2020,2020
26276,2020-10-02,0.4835138614654649,0.3866538983011028,0.5060098997631377,0.34453164880662107,0.7232704164952992,0.7232661026083698,0.3574777886971299,0.36671590723164244,October2020,2020
26277,2020-10-03,0.484418651181401,0.3230196854846298,0.5062401699911941,0.36242978985193525,0.7153150975024245,0.7232661026083698,0.3624461431401109,0.30752275578088023,October2020,2020
26278,2020-10-04,0.4852618704673974,0.315893872580547,0.5062755775919385,0.29041425820585237,0.7072990882726826,0.7232661026083698,0.372305151984045,0.30189032509394753,October2020,2020
26279,2020-10-05,0.4869440290461643,0.3983442965436399,0.5066470587570009,0.38932406045835943,0.715203466696362,0.7232661026083698,0.39172158907582433,0.3792538000669705,October2020,2020
26280,2020-10-06,0.4882675737037885,0.3684932680549777,0.5068590893566665,0.3583449883257926,0.7230488241446278,0.7232661026083698,0.4012840485425533,0.3495284549051755,October2020,2020
26281,2020-10-07,0.4904152435115511,0.43402974760997814,0.5071415211706918,0.3735485357113211,0.7308362501840693,0.7232661026083698,0.4201292920146782,0.41017766521580085,October2020,2020
26282,2020-10-08,0.49296400426664816,0.4609696914455895,0.5073531387713707,0.3583449883257926,0.7385626027276746,0.7232661026083698,0.42941654066859547,0.43405301454588013,October2020,2020
26283,2020-10-09,0.4953563817960523,0.452830545341112,0.5074412606925458,0.32011055440225067,0.7462373387682957,0.7232661026083698,0.42941654066859547,0.42485454307518034,October2020,2020
26284,2020-10-10,0.49690340313879183,0.3926081743252,0.5078110389646547,0.38932406045835943,0.753857225576575,0.7232661026083698,0.43402725670389875,0.3670411808225044,October2020,2020
26285,2020-10-11,0.49837797125425504,0.38715333437544575,0.5079165910439707,0.32718035671046275,0.7614232327516024,0.7232661026083698,0.43861637668167663,0.3606664659144669,October2020,2020
26286,2020-10-12,0.5017347883136137,0.5109198254410813,0.5081627087716267,0.36631013249784794,0.766893224485732,0.7232661026083698,0.4477308283072865,0.4747563505413645,October2020,2020
26287,2020-10-13,0.5040005249134214,0.44982760193620047,0.5088996352155744,0.43664114879619853,0.7723355632688966,0.7232661026083698,0.4522566483941617,0.4169344320504243,October2020,2020
26288,2020-10-14,0.5075997336903312,0.5268718340970558,0.5094946353310004,0.42104161800286843,0.7777505959642508,0.7232661026083698,0.4567618495319854,0.4871228688680687,October2020,2020
26289,2020-10-15,0.5113689162360108,0.5375964132608877,0.509896348726745,0.39492890260016955,0.7831386625255348,0.805400718990124,0.4567618495319854,0.4958038464648978,October2020,2020
26290,2020-10-16,0.5151204088364216,0.539354425816892,0.5104890290270017,0.42104161800286843,0.7885000961849189,0.805400718990124,0.4522566483941617,0.4961988648828414,October2020,2020
26291,2020-10-17,0.5174632470553017,0.46281741279369754,0.5106978820845776,0.3583449883257926,0.7938352236343944,0.805400718990124,0.4477308283072865,0.42474383154187034,October2020,2020
26292,2020-10-18,0.5193784840869063,0.43392148376223166,0.5109239469624779,0.36242978985193525,0.7991403949884905,0.805400718990124,0.4431841517225199,0.3972582889626853,October2020,2020
26293,2020-10-19,0.5233474634608228,0.5552809270747379,0.5116876091380013,0.44022549599632643,0.8121172664136707,0.805400718990124,0.4522566483941617,0.5053628485237577,October2020,2020
26294,2020-10-20,0.527316191402421,0.5580445463549063,0.5123798748933914,0.43294112810411767,0.8249465913482086,0.805400718990124,0.4522566483941617,0.5049312807727425,October2020,2020
26295,2020-10-21,0.5329558975713268,0.6311570989769802,0.5128806002793319,0.4100028732122594,0.837624911024019,0.805400718990124,0.4567618495319854,0.5678293560298775,October2020,2020
26296,2020-10-22,0.535636467614287,0.4950993387126885,0.5137244386625671,0.44873458327233,0.8501602945762958,0.8207558010364582,0.4522566483941617,0.442926383495284,October2020,2020
26297,2020-10-23,0.5416097168284142,0.6501172747927464,0.5140337249736819,0.38020624648061696,0.8625567038061732,0.8207558010364582,0.4522566483941617,0.5784025888344743,October2020,2020
26298,2020-10-24,0.5461572032424648,0.5974307670906238,0.5150106844886799,0.46121840093264505,0.8748179276871635,0.8207558010364582,0.4477308283072865,0.5286455576445972,October2020,2020
26299,2020-10-25,0.5503900167421909,0.5864128377057979,0.5154721638435545,0.4052311400505796,0.8869475925651911,0.8207558010364582,0.4431841517225199,0.5161273315678052,October2020,2020
26300,2020-10-26,0.5556746375428218,0.6350402490441212,0.5159669082396325,0.4100028732122594,0.9031931606098917,0.8207558010364582,0.4431841517225199,0.5549602967688325,October2020,2020
26301,2020-10-27,0.5611077185211268,0.6450118128620171,0.5164777163231953,0.41230673967511067,0.9192149540035894,0.8207558010364582,0.4431841517225199,0.5597571173197883,October2020,2020
26302,2020-10-28,0.5676567139792951,0.6912910189493392,0.5181224529170758,0.5104554368603047,0.9350170989767357,0.8207558010364582,0.43861637668167663,0.5958353058827939,October2020,2020
26303,2020-10-29,0.5750474451597362,0.7255608091415499,0.51958879733524,0.49965698531711145,0.9506069722677826,0.8207558010364582,0.43402725670389875,0.62120089687606,October2020,2020
26304,2020-10-30,0.5825017783500127,0.7338448236157481,0.5210301981128644,0.4985324472646944,0.9659915620398618,0.8207558010364582,0.42478397269449863,0.6241840426834906,October2020,2020
26305,2020-10-31,0.587791359680528,0.6592822072689359,0.5225633839285894,0.5051540767248022,0.9811741123529758,0.8207558010364582,0.410752524262304,0.5571672635192214,October2020,2020
26306,2020-11-01,0.5924388648153968,0.6349728278471983,0.523061395650868,0.41230673967511067,0.9961677232780886,0.8207558010364582,0.4012840485425533,0.5332458580098635,November2020,2020
26307,2020-11-02,0.6015736276129172,0.8014995797289972,0.5256358992741145,0.5624843732308085,0.9941716636812352,0.8320886100157041,0.3965147125381556,0.6736583099157738,November2020,2020
26308,2020-11-03,0.6042462235454414,0.5355426063883928,0.5264230014688756,0.44708073272054183,0.99217225087354,0.8320886100157041,0.38206277835506874,0.45050056579778985,November2020,2020
26309,2020-11-04,0.6151698544969237,0.8626135583050566,0.5301945575538611,0.6127257657241352,0.9901694707366426,0.8320886100157041,0.38206277835506874,0.726245501984651,November2020,2020
26310,2020-11-05,0.622768862920033,0.7719529311514556,0.532780678324639,0.5662394548161047,0.9881599458071528,0.8320886100157041,0.3673884849582778,0.6504671986377816,November2020,2020
26311,2020-11-06,0.6302730622544493,0.7748957020808548,0.5348506778419163,0.5415401116883126,0.9861503825742195,0.8320886100157041,0.34746165455100586,0.6534999453924606,November2020,2020
26312,2020-11-07,0.6348299003131633,0.6603438048897171,0.5358954962417021,0.4739360297985744,0.9841374090571169,0.8320886100157041,0.33223348910869266,0.5573667675447692,November2020,2020
26313,2020-11-08,0.63944553764275,0.6663368675692636,0.5369362563523683,0.4739360297985744,0.9821210107505458,0.8320886100157041,0.31675149176807227,0.5629040930014461,November2020,2020
26314,2020-11-09,0.6414988931186352,0.5104246467650282,0.5375022472032691,0.4251534230366151,0.9705235301416615,0.8320886100157041,0.30628381521672643,0.43331539400485614,November2020,2020
26315,2020-11-10,0.6497256538193864,0.8149729396801529,0.543297657010893,0.6822575188756663,0.9588107694562427,0.8541776259317737,0.30628381521672643,0.6953115659087131,November2020,2020
26316,2020-11-11,0.6565107349422473,0.7701237332208226,0.5465523864909997,0.6013408666475119,0.946979820522386,0.8541776259317737,0.30100481294197534,0.6603792051399202,November2020,2020
26317,2020-11-12,0.6638460027873461,0.7960241319007122,0.5499038852794205,0.6068146336617355,0.9350311749568674,0.8541776259317737,0.2903542814342652,0.6861023693054699,November2020,2020
26318,2020-11-13,0.6703124205218658,0.7685160264939049,0.5527104799468063,0.5852779018221259,0.9229546783307898,0.8541776259317737,0.27957732674421587,0.6658569999221475,November2020,2020
26319,2020-11-14,0.6744987102017715,0.6683209331675894,0.55429520475207,0.520535011335614,0.9107505269891589,0.8541776259317737,0.2686701290739082,0.5821226195031515,November2020,2020
26320,2020-11-15,0.6754106141162664,0.40312674688683153,0.5552093253786029,0.4684363916066001,0.8984152930446292,0.8541776259317737,0.257628680548335,0.35302834077764317,November2020,2020
26321,2020-11-16,0.6795183774062202,0.6674066763036567,0.5590103448815587,0.628421355872693,0.8934167006953608,0.8541776259317737,0.26316644435407466,0.5857465616164761,November2020,2020
26322,2020-11-17,0.6867873809700754,0.8117263695071969,0.5634043545317909,0.6514372162455851,0.8883924257970348,0.8541776259317737,0.26316644435407466,0.7139817171725036,November2020,2020
26323,2020-11-18,0.6932338203605897,0.7850289067008918,0.5669837854223214,0.6240568824433228,0.8833458564105692,0.8541776259317737,0.26316644435407466,0.69203443584174,November2020,2020
26324,2020-11-19,0.6996467711466592,0.7884767315786535,0.5707972522398727,0.6348032553053532,0.8782804411255845,0.8541776259317737,0.257628680548335,0.6966286319467722,November2020,2020
26325,2020-11-20,0.7055692151648693,0.7723177321183567,0.5743404324589048,0.6262504854881512,0.8731885480294108,0.8541776259317737,0.2520563051572111,0.6838897416803603,November2020,2020
26326,2020-11-21,0.7091573545943934,0.6564239207385559,0.5763007474842498,0.5523300673090634,0.8680736001468843,0.8541776259317737,0.24080552195530047,0.5825842959865046,November2020,2020
26327,2020-11-22,0.7102820852319404,0.4468861422878141,0.5776365171041088,0.5114937170747796,0.8629390829104315,0.8541776259317737,0.23512598004632568,0.3975223661625274,November2020,2020
26328,2020-11-23,0.71397167665338,0.6654938873083259,0.581701090265362,0.6494869947007693,0.8614800956648831,0.8541776259317737,0.24080552195530047,0.5923665991518661,November2020,2020
26329,2020-11-24,0.718104999059709,0.6936721607094107,0.5866472228155971,0.6818326729082016,0.8600229698006723,0.8541776259317737,0.2464487722422677,0.6178490609779854,November2020,2020
26330,2020-11-25,0.726220208505389,0.8735003025789894,0.5915891289762937,0.6843704360927767,0.8585639510063154,0.8541776259317737,0.2520563051572111,0.7785264432711427,November2020,2020
26331,2020-11-26,0.7315707999186685,0.7649319633306618,0.597112316965615,0.705314692935614,0.8570992654109142,0.8541776259317737,0.2464487722422677,0.682207642866629,November2020,2020
26332,2020-11-27,0.7365748423568158,0.751550198442345,0.6017968811332937,0.681407064884169,0.8556364373264909,0.8541776259317737,0.24080552195530047,0.6707104213127175,November2020,2020
26333,2020-11-28,0.7398657047749382,0.6559977635613806,0.6039192867227349,0.5728072388098608,0.8541716977201144,0.8541776259317737,0.23512598004632568,0.5858187440421937,November2020,2020
26334,2020-11-29,0.7406215033533533,0.40245647359912623,0.6054704135907304,0.5371985796173768,0.852701257806949,0.8541776259317737,0.23512598004632568,0.3596374896729574,November2020,2020
26335,2020-11-30,0.743965106271387,0.6618832908966993,0.6102351923508158,0.6885410187395811,0.8538354434582074,0.8757223114108497,0.24080552195530047,0.5911633605605263,November2020,2020
26336,2020-12-01,0.7497179824620099,0.7963243484601576,0.6160645494821607,0.7249891280015557,0.8549647068484847,0.8757223114108497,0.2520563051572111,0.7108814856481402,December2020,2020
26337,2020-12-02,0.755045951056147,0.7800119722308874,0.6217738920768907,0.7246315939463287,0.8560966044684009,0.8757223114108497,0.257628680548335,0.6959678758285681,December2020,2020
26338,2020-12-03,0.760371319587089,0.7835261381403413,0.6268726307025467,0.7083843218201552,0.8572235931987502,0.8757223114108497,0.257628680548335,0.6987522064485815,December2020,2020
26339,2020-12-04,0.7639348289742389,0.6879755606108078,0.6323666732380664,0.7239150395483458,0.8583532142918255,0.8757223114108497,0.257628680548335,0.6132309873924113,December2020,2020
26340,2020-12-05,0.7696945132697082,0.8106418353506079,0.6353256588457578,0.6294984484796211,0.8594779397822883,0.8757223114108497,0.257628680548335,0.7222083897293403,December2020,2020
26341,2020-12-06,0.7720746275290168,0.6059167462104184,0.63700740118971,0.5578708069722473,0.8606052957607486,0.8757223114108497,0.257628680548335,0.5395460373684802,December2020,2020
26342,2020-12-07,0.7732594697164455,0.48094582526335333,0.6419450379902897,0.711039731267784,0.8697848860088275,0.8757223114108497,0.257628680548335,0.4265215468975456,December2020,2020
26343,2020-12-08,0.7795537845166323,0.8418686187431622,0.6481391488182685,0.7537330968044654,0.8788903747867305,0.8757223114108497,0.27414025421907207,0.7436007172613451,December2020,2020
26344,2020-12-09,0.7848712299174961,0.7997713133962038,0.6530488313223699,0.7158982482620198,0.8879232396715284,0.8757223114108497,0.27957732674421587,0.7036113731283004,December2020,2020
26345,2020-12-10,0.7917034278030028,0.8739187650947996,0.6594128340530934,0.7650422184174483,0.896884911656467,0.8757223114108497,0.27957732674421587,0.7658258757733415,December2020,2020
26346,2020-12-11,0.7972964505302615,0.8217722212460473,0.66462043892324,0.7320384500495712,0.9057767771468039,0.8757223114108497,0.27414025421907207,0.7173354430493307,December2020,2020
26347,2020-12-12,0.801719239473221,0.7630805818083861,0.6680236197953062,0.6646329883388458,0.9146001798480701,0.8757223114108497,0.2686701290739082,0.6635483229688408,December2020,2020
26348,2020-12-13,0.8046773820303232,0.6693692456995806,0.6701116506360176,0.5969759092276636,0.9233564225537172,0.8757223114108497,0.26316644435407466,0.579853449051838,December2020,2020
26349,2020-12-14,0.8059679766871403,0.508565684417418,0.67540491592276,0.7405920788967651,0.9346158617579763,0.8757223114108497,0.257628680548335,0.43841706278756926,December2020,2020
26350,2020-12-15,0.8126689518310216,0.8835218761295449,0.6843378008392134,0.8466966084247765,0.9457705847889322,0.8757223114108497,0.2686701290739082,0.7580106913903649,December2020,2020
26351,2020-12-16,0.8190530768577211,0.8740077479860079,0.6913292498622081,0.8011334587509714,0.9568196020825022,0.9815893351494624,0.2686701290739082,0.7463120689971604,December2020,2020
26352,2020-12-17,0.8248509906825661,0.850562674331089,0.6984147101697059,0.8078457527429854,0.9677619610588766,0.9815893351494624,0.26316644435407466,0.722916264858033,December2020,2020
26353,2020-12-18,0.8310678100550396,0.8747722540240699,0.7051129277776996,0.8005898854695961,0.9786069148070837,0.9815893351494624,0.2520563051572111,0.7400830211599227,December2020,2020
26354,2020-12-19,0.8351230210875683,0.7617593388647262,0.708898220133695,0.7002442928381032,0.9893499413716647,0.9815893351494624,0.24080552195530047,0.6415562811067966,December2020,2020
26355,2020-12-20,0.8363209201521375,0.5083816691118408,0.710959872192813,0.6109705671891758,1.0000000000000002,0.9815893351494624,0.2294095573492052,0.4262498031794586,December2020,2020
26356,2020-12-21,0.8398803707678897,0.7322511535225136,0.71727707855472,0.795928755605711,0.9597964737179236,0.9815893351494624,0.2294095573492052,0.6244732174898053,December2020,2020
26357,2020-12-22,0.8464835775930964,0.9033432820006816,0.7258696056105962,0.8640234556709631,0.9181692248436504,0.9815893351494624,0.2294095573492052,0.7842992742756073,December2020,2020
26358,2020-12-23,0.8525584614403868,0.8829381353701053,0.7328045150585615,0.8231186804358928,0.8749773990066292,0.9815893351494624,0.21786363509235573,0.7812259263346096,December2020,2020
26359,2020-12-24,0.857261958972909,0.8141534693474174,0.7363446478128445,0.7018155044569376,0.8300693027371662,0.9815893351494624,0.20616272245414402,0.7349616822700143,December2020,2020
26360,2020-12-25,0.8576400317119257,0.35205401089500665,0.7384308575325446,0.6229513682277272,0.7832675830826721,0.9815893351494624,0.1883090534969032,0.32466615461126797,December2020,2020
26361,2020-12-26,0.860018189668055,0.6505672275687326,0.7414639723341403,0.6792674731169515,0.7343502258850141,0.9815893351494624,0.18227439482890628,0.6137965329547151,December2020,2020
26362,2020-12-27,0.8621903229923829,0.6323151567457258,0.7443496510439633,0.6727294081550385,0.6830654526464086,0.9815893351494624,0.1883090534969032,0.6113615392717803,December2020,2020
26363,2020-12-28,0.8646306516500362,0.658499434155294,0.7512305228429109,0.8318321852628905,0.660719796117015,0.9815893351494624,0.19430151089170167,0.6436285050475257,December2020,2020
26364,2020-12-29,0.8680002626429789,0.7349034368845142,0.7601453499983433,0.89292777078422,0.637870677640805,0.9815893351494624,0.20025249716265314,0.7264157530015131,December2020,2020
26365,2020-12-30,0.8763768423929963,1.0,0.7676334549894317,0.8588767024143548,0.6144937000703921,0.9815893351494624,0.21203287765158652,0.9999999999999999,December2020,2020
26366,2020-12-31,0.8796413434723229,0.7336554638448356,0.7719291860425486,0.7514789923297602,0.5905621303552808,0.9815893351494624,0.19430151089170167,0.7425373457909639,December2020,2020
26367,2021-01-01,0.8799967308110976,0.35078821252698,0.7746154456801271,0.6740517147694778,0.566031664320102,0.9815893351494624,0.18227439482890628,0.3594960691439892,January2021,2021
26368,2021-01-02,0.8818225587233767,0.6057871304247973,0.7771404822623229,0.6655467829913978,0.5408687351663739,0.9815893351494624,0.18227439482890628,0.6289314180926882,January2021,2021
26369,2021-01-03,0.8835498691251857,0.5954821110674792,0.7794700225618933,0.6543308303323685,0.515030928614854,0.9815893351494624,0.1883090534969032,0.6266344157981515,January2021,2021
26370,2021-01-04,0.8855960765058091,0.630969366336823,0.7865524651959666,0.8575206179082789,0.5554523914432026,0.9815893351494624,0.20025249716265314,0.6501555547229662,January2021,2021
26371,2021-01-05,0.8886263566072958,0.7205688863015786,0.7938841529495754,0.869090781108777,0.5942574897067721,1.0,0.21203287765158652,0.727931554792993,January2021,2021
26372,2021-01-06,0.8929934715391169,0.8161582524956326,0.8015704396724793,0.8838452736747426,0.6315987209200589,1.0,0.2294095573492052,0.8092396822975765,January2021,2021
26373,2021-01-07,0.9003227496573215,0.9741134177826215,0.8096246447248436,0.8989850438213167,0.6676067889046118,1.0,0.23512598004632568,0.94892227744119,January2021,2021
26374,2021-01-08,0.903371957987603,0.729975132025152,0.8167266168674445,0.8747271746005107,0.7023946696614225,1.0,0.21786363509235573,0.6992535198990597,January2021,2021
26375,2021-01-09,0.9069934542967966,0.7749409752582238,0.8206193639444067,0.7559687568918783,0.7360607583366419,1.0,0.20616272245414402,0.7305512635917446,January2021,2021
26376,2021-01-10,0.9071432544283986,0.26837423399195703,0.8228971940542936,0.6673635187466103,0.7686913378681688,0.9877272939866744,0.1883090534969032,0.24917031832672087,January2021,2021
26377,2021-01-11,0.9089889709147432,0.6203082329880578,0.8286397145639496,0.8354931844973947,0.7650306477094133,0.9877272939866744,0.1883090534969032,0.5769011809937968,January2021,2021
26378,2021-01-12,0.9132507570324035,0.8217017640712774,0.8357808580574457,0.8863464620148834,0.7613615675372729,0.9877272939866744,0.1883090534969032,0.7655074995170422,January2021,2021
26379,2021-01-13,0.9172194084134422,0.8048080288014855,0.8435487355398583,0.9098223994985102,0.7576757819418309,0.9877272939866744,0.18227439482890628,0.7510580928316155,January2021,2021
26380,2021-01-14,0.920506614480996,0.7578033605686005,0.8505744689104309,0.8906797291057424,0.7539772792794668,0.9877272939866744,0.1700754483127016,0.708414791115797,January2021,2021
26381,2021-01-15,0.9218235377957293,0.5595681358904456,0.8536863773031086,0.730293894390357,0.7502659492849302,0.9877272939866744,0.1576983992832477,0.5240079036271401,January2021,2021
26382,2021-01-16,0.9240855941547625,0.6710035209448141,0.8583860379771767,0.8091703396806526,0.7465458486123075,0.9877272939866744,0.1514410247356901,0.6294576630991329,January2021,2021
26383,2021-01-17,0.9258312855698972,0.6163618736538605,0.8610687228090224,0.7080026732786678,0.7428085416248227,0.9877272939866744,0.145136601155069,0.5792141839235196,January2021,2021
26384,2021-01-18,0.927233104543459,0.5735424398313465,0.8632784009317287,0.6775417264744392,0.7361828337533549,0.9877272939866744,0.145136601155069,0.540658021058267,January2021,2021
26385,2021-01-19,0.9290799596449953,0.6294806201310711,0.8737092696192864,1.0,0.7295154970251689,0.9877272939866744,0.145136601155069,0.5952589058151715,January2021,2021
26386,2021-01-20,0.933429768455517,0.8393678803551118,0.8796894798749028,0.8699641714991555,0.7228058713346417,0.9877272939866744,0.1514410247356901,0.7962608290584566,January2021,2021
26387,2021-01-21,0.9346637853103401,0.5526230860861558,0.8847381741417971,0.8362202837618697,0.7160532796675174,0.9877272939866744,0.13878423403891138,0.5259261540086045,January2021,2021
26388,2021-01-22,0.9370943186014131,0.693615656643612,0.8895636424740302,0.8291199228015347,0.7092570274995886,0.9877272939866744,0.13878423403891138,0.6622483747300477,January2021,2021
26389,2021-01-23,0.9389319874192228,0.6328416899711636,0.8904801344247988,0.5654947234774219,0.7024164021678987,0.9877272939866744,0.1259319523887994,0.6062017120734408,January2021,2021
26390,2021-01-24,0.9404167108548943,0.5901052658094269,0.8928940674665323,0.7025973801047134,0.6955306722129155,0.9877272939866744,0.11943010644912411,0.5671340189010325,January2021,2021
26391,2021-01-25,0.941428656406336,0.5197742172628365,0.8975986919364451,0.8276304801109658,0.6989029049944817,0.9877272939866744,0.11943010644912411,0.4987328733512217,January2021,2021
26392,2021-01-26,0.9428044743497123,0.5762978217060037,0.9003610179105586,0.7281849444128674,0.7022642651239426,0.9877272939866744,0.1259319523887994,0.552078316893174,January2021,2021
26393,2021-01-27,0.945087378885855,0.6831455746035857,0.9052543804091466,0.8393517884470578,0.7056148398179214,0.9877272939866744,0.13238300136012104,0.6533874465162117,January2021,2021
26394,2021-01-28,0.9472502235873713,0.6719983385926748,0.9128589634938242,0.9427868266305724,0.7089547151790063,0.9877272939866744,0.13238300136012104,0.6417012313040932,January2021,2021
26395,2021-01-29,0.9491070295327737,0.6395750896874995,0.9150480690742528,0.6946645893912848,0.7122839762152233,0.9877272939866744,0.1259319523887994,0.6097708517847383,January2021,2021
26396,2021-01-30,0.951630520844943,0.7095225663651067,0.9194649080154722,0.8246299471086146,0.7156027068590773,0.9877272939866744,0.1259319523887994,0.6753906568504386,January2021,2021
26397,2021-01-31,0.951737975913313,0.2479925140737406,0.9197760945427348,0.4626948202716717,0.7189109899861734,0.9877272939866744,0.11287645160688076,0.2356917390519546,January2021,2021
26398,2021-02-01,0.9526948152757898,0.5142053242205282,0.924556871208558,0.8434005878902407,0.7144818738754133,0.9877272939866744,0.11287645160688076,0.4897303980828394,February2021,2021
26399,2021-02-02,0.9537959458946688,0.5392375812669149,0.9294830766993709,0.8520388764876755,0.7100340017623952,0.9877272939866744,0.11287645160688076,0.5146608874882258,February2021,2021
26400,2021-02-03,0.9555786026035211,0.6338075515477946,0.9335825600563428,0.8157074534491756,0.705571507174567,0.9877272939866744,0.11943010644912411,0.6062111676742811,February2021,2021
26401,2021-02-04,0.9574320520920517,0.6428974885017172,0.9380281103008464,0.834277598635529,0.7010855387680313,0.9877272939866744,0.1259319523887994,0.6162268594730224,February2021,2021
26402,2021-02-05,0.9589676338487522,0.6045251089125661,0.9415728742905478,0.7903488105345953,0.6965802046871208,0.9877272939866744,0.11943010644912411,0.5806997701671086,February2021,2021
26403,2021-02-06,0.960187513517986,0.5604134062627691,0.9427332348719587,0.6097919018341582,0.6920596844604463,0.9877272939866744,0.11943010644912411,0.5394975130366755,February2021,2021
26404,2021-02-07,0.9611280196282316,0.5142567293317595,0.9435341070599111,0.5632417409663262,0.6875150035196065,0.9877272939866744,0.11287645160688076,0.4961484625109981,February2021,2021
26405,2021-02-08,0.9617826157237935,0.4559903896933925,0.9459894510310718,0.7249891280015557,0.6838533595095344,0.9877272939866744,0.11287645160688076,0.4407120036016007,February2021,2021
26406,2021-02-09,0.9625877518905787,0.48880882921914365,0.9501038612620578,0.8236232596863935,0.680174275066894,0.9877272939866744,0.11943010644912411,0.4732719650402573,February2021,2021
26407,2021-02-10,0.963884570189954,0.5733977728794465,0.9534398008406143,0.7835086622568128,0.6764820429054181,0.9877272939866744,0.1259319523887994,0.5561659946571358,February2021,2021
26408,2021-02-11,0.9652731991118365,0.5871629289984963,0.9561871369255724,0.7485531346576129,0.6727810174137547,0.9877272939866744,0.13878423403891138,0.5705411808525225,February2021,2021
26409,2021-02-12,0.9665560545799607,0.5723830540530973,0.9588941023613704,0.7469138964123655,0.66906215001892,0.9877272939866744,0.13878423403891138,0.557186066997457,February2021,2021
26410,2021-02-13,0.9674584564957245,0.5094313967860826,0.9599736059173337,0.6050067598200621,0.6653297756100611,0.9877272939866744,0.13878423403891138,0.4968080003901849,February2021,2021
26411,2021-02-14,0.9681306917846545,0.4620546303436051,0.9605493333559445,0.5300045888661165,0.6615882923803016,0.9877272939866744,0.145136601155069,0.4514284881903891,February2021,2021
26412,2021-02-15,0.9688427668564622,0.4712307126102138,0.961438631310135,0.5805269756714526,0.6654468995143852,0.9877272939866744,0.1514410247356901,0.4595276709706057,February2021,2021
26413,2021-02-16,0.9696587376842226,0.49337423992198215,0.9640869392805124,0.7449335706527697,0.6692910469657474,0.9877272939866744,0.16390959289289908,0.4802214844451867,February2021,2021
26414,2021-02-17,0.9709854833989502,0.580583853978632,0.9684751771108892,0.8450528566293619,0.6731208694426118,0.9877272939866744,0.17619678395023763,0.5640552488291216,February2021,2021
26415,2021-02-18,0.9723426440277141,0.585522082657054,0.9709505515430592,0.7354931806768669,0.6769364996564258,0.9877272939866744,0.1883090534969032,0.5678008453908823,February2021,2021
26416,2021-02-19,0.9735869032922343,0.569317104385274,0.9733319540112247,0.7295928025128166,0.6807380683623265,0.9877272939866744,0.1883090534969032,0.551070918277004,February2021,2021
26417,2021-02-20,0.9745693539131575,0.526602371981287,0.9740115851295507,0.5515238725804736,0.68452570439858,0.9877272939866744,0.1883090534969032,0.5087928126418518,February2021,2021
26418,2021-02-21,0.9754037557717609,0.49900571788833653,0.9743128081000929,0.4698329765083317,0.68829953472501,0.9877272939866744,0.19430151089170167,0.48125241064107893,February2021,2021
26419,2021-02-22,0.9760851225961716,0.4666565686156983,0.9763019372218766,0.7002442928381032,0.6947253133826761,0.9753380526701572,0.20025249716265314,0.44866442835590853,February2021,2021
26420,2021-02-23,0.9768719483441395,0.4898307321849775,0.978306698886524,0.7022067510787959,0.7011072985435358,0.9753380526701572,0.21203287765158652,0.4695051893902981,February2021,2021
26421,2021-02-24,0.9783393094308893,0.6033885006450703,0.9801285473389861,0.6872974446231328,0.707454820074702,0.9753380526701572,0.223655649243663,0.5765974499182448,February2021,2021
26422,2021-02-25,0.979837295414004,0.6081669142801727,0.9809449950843256,0.5749448737094899,0.7137640845917905,0.9753380526701572,0.2294095573492052,0.5794176260496402,February2021,2021
26423,2021-02-26,0.9811151052937876,0.5773192300706619,0.9837473744421912,0.7625687391862782,0.720031389329957,0.9753380526701572,0.2294095573492052,0.5483915228844303,February2021,2021
26424,2021-02-27,0.9821513623705206,0.538793109500547,0.9844642073304553,0.5601926681890859,0.7262658653374763,0.9753380526701572,0.2294095573492052,0.5102853882129009,February2021,2021
26425,2021-02-28,0.9829762752699418,0.4996599378677825,0.9847450335116305,0.46559751012436473,0.7324637576709916,0.9753380526701572,0.2294095573492052,0.4718384207482758,February2021,2021
26426,2021-03-01,0.9836862871423869,0.47553747476797825,0.986435963139319,0.6775417264744392,0.7295705613345509,0.9499852549901089,0.23512598004632568,0.44967317639551313,March2021,2021
26427,2021-03-02,0.9845588776423057,0.5096408238998221,0.9883534199438884,0.6982660841102318,0.7266694307330621,0.9499852549901089,0.2464487722422677,0.4825833676691447,March2021,2021
26428,2021-03-03,0.9860140775443916,0.6048411081968373,0.9900181686655868,0.6762390556855409,0.7237603112446596,0.9499852549901089,0.257628680548335,0.5735189998248644,March2021,2021
26429,2021-03-04,0.9875372491923989,0.614729523224141,0.9912619113913068,0.633225664298998,0.7208431476433297,0.9499852549901089,0.26316644435407466,0.5837023384847333,March2021,2021
26430,2021-03-05,0.9888145672355758,0.5802408742443087,0.9926361039285353,0.6480129603836959,0.7179178840896807,0.9499852549901089,0.26316644435407466,0.551720393829167,March2021,2021
26431,2021-03-06,0.9899136804652718,0.5523336146769537,0.993091790038722,0.5125249579660831,0.7149844641215382,0.9499852549901089,0.26316644435407466,0.5259180489621271,March2021,2021
26432,2021-03-07,0.9907770127947033,0.5099546422204412,0.9932435925158708,0.41892502712645957,0.7120471373013382,0.9499852549901089,0.2686701290739082,0.48624560319619964,March2021,2021
26433,2021-03-08,0.9914567776875478,0.4711388726716943,0.994401284380386,0.6240568824433228,0.5598437409400234,0.9499852549901089,0.27414025421907207,0.48436955176507396,March2021,2021
26434,2021-03-09,0.9923610771179138,0.5184374473120774,0.9957668316695533,0.6480129603836959,0.5598437409400234,0.9499852549901089,0.2849818414609586,0.5329963807672603,March2021,2021
26435,2021-03-10,0.9951511151185178,0.7556669868014744,0.9972472834216872,0.6604750035766105,0.5598437409400234,0.9499852549901089,0.30100481294197534,0.7768878793742646,March2021,2021
26436,2021-03-11,0.9957745481534522,0.4590747901143907,0.9984412324875823,0.6294984484796211,0.5598437409400234,0.9499852549901089,0.2956951183625016,0.47196668161428107,March2021,2021
26437,2021-03-12,0.9974485271924992,0.6385599422570327,0.9994779228556159,0.6103820961122179,0.5598437409400234,0.9499852549901089,0.30100481294197534,0.6564921957133871,March2021,2021
26438,2021-03-13,0.9988296470737331,0.5995181104478647,0.9995732993875832,0.38932406045835943,0.5598437409400234,0.9499852549901089,0.30100481294197534,0.6163539781507881,March2021,2021
26439,2021-03-14,1.0,0.5678032915119585,1.0,0.5072971295156068,0.5598437409400234,0.819304192344545,0.3017768607949127,0.5837485330827902,March2021,2021
